-- phpMyAdmin SQL Dump
-- version 5.2.1
-- https://www.phpmyadmin.net/
--
-- Host: 127.0.0.1
-- Creato il: Apr 30, 2025 alle 07:03
-- Versione del server: 10.4.32-MariaDB
-- Versione PHP: 8.2.12

SET SQL_MODE = "NO_AUTO_VALUE_ON_ZERO";
START TRANSACTION;
SET time_zone = "+00:00";


/*!40101 SET @OLD_CHARACTER_SET_CLIENT=@@CHARACTER_SET_CLIENT */;
/*!40101 SET @OLD_CHARACTER_SET_RESULTS=@@CHARACTER_SET_RESULTS */;
/*!40101 SET @OLD_COLLATION_CONNECTION=@@COLLATION_CONNECTION */;
/*!40101 SET NAMES utf8mb4 */;

--
-- Database: `azienda`
--

-- --------------------------------------------------------

--
-- Struttura della tabella `cat_merc`
--

CREATE TABLE `cat_merc` (
  `id` int(11) NOT NULL,
  `sub` int(11) NOT NULL DEFAULT 0,
  `categoria` varchar(255) NOT NULL,
  `data` datetime NOT NULL DEFAULT current_timestamp()
) ENGINE=InnoDB DEFAULT CHARSET=utf8mb4 COLLATE=utf8mb4_general_ci;

--
-- Dump dei dati per la tabella `cat_merc`
--

INSERT INTO `cat_merc` (`id`, `sub`, `categoria`, `data`) VALUES
(1, 0, 'Servizio IT', '2024-11-03 00:00:00'),
(3, 1, 'Servizio di Hosting', '2024-11-03 10:50:08'),
(6, 1, 'test', '2025-04-27 10:58:14');

-- --------------------------------------------------------

--
-- Struttura della tabella `corrispettivi_taxi`
--

CREATE TABLE `corrispettivi_taxi` (
  `data` date NOT NULL,
  `giorno_settimana` varchar(10) DEFAULT NULL,
  `valore_corrispettivo` decimal(10,2) DEFAULT NULL
) ENGINE=InnoDB DEFAULT CHARSET=utf8mb4 COLLATE=utf8mb4_general_ci;

--
-- Dump dei dati per la tabella `corrispettivi_taxi`
--

INSERT INTO `corrispettivi_taxi` (`data`, `giorno_settimana`, `valore_corrispettivo`) VALUES
('2025-01-01', 'Wednesday', 10907.99),
('2025-02-01', 'Saturday', 9985.14),
('2025-02-02', 'Sunday', 11987.50),
('2025-02-03', 'Monday', 10488.27),
('2025-02-04', 'Tuesday', 9271.42),
('2025-02-05', 'Wednesday', 12581.30),
('2025-02-06', 'Thursday', 10799.79),
('2025-02-07', 'Friday', 9807.53),
('2025-02-08', 'Saturday', 10098.27),
('2025-02-09', 'Sunday', 12006.01),
('2025-02-10', 'Monday', 10582.40),
('2025-02-11', 'Tuesday', 9262.56),
('2025-02-12', 'Wednesday', 12377.60),
('2025-02-13', 'Thursday', 10679.53),
('2025-02-14', 'Friday', 9715.64),
('2025-02-15', 'Saturday', 10080.85),
('2025-02-16', 'Sunday', 11821.01),
('2025-02-17', 'Monday', 10526.07),
('2025-02-18', 'Tuesday', 9379.38),
('2025-02-19', 'Wednesday', 12321.13),
('2025-02-20', 'Thursday', 10846.80),
('2025-02-21', 'Friday', 9895.08),
('2025-02-22', 'Saturday', 10171.08),
('2025-02-23', 'Sunday', 11771.82),
('2025-02-24', 'Monday', 10830.36),
('2025-02-25', 'Tuesday', 9310.55),
('2025-02-26', 'Wednesday', 12539.39),
('2025-02-27', 'Thursday', 10974.53),
('2025-02-28', 'Friday', 9566.36),
('2025-03-01', 'Saturday', 8858.71),
('2025-03-02', 'Sunday', 10601.12),
('2025-03-03', 'Monday', 9533.50),
('2025-03-04', 'Tuesday', 8835.23),
('2025-03-05', 'Wednesday', 11768.65),
('2025-03-06', 'Thursday', 9923.82),
('2025-03-07', 'Friday', 8878.75),
('2025-03-08', 'Saturday', 8967.08),
('2025-03-09', 'Sunday', 10643.88),
('2025-03-10', 'Monday', 9386.82),
('2025-03-11', 'Tuesday', 8465.00),
('2025-03-12', 'Wednesday', 11666.97),
('2025-03-13', 'Thursday', 9956.04),
('2025-03-14', 'Friday', 8934.86),
('2025-03-15', 'Saturday', 8772.96),
('2025-03-16', 'Sunday', 10506.58),
('2025-03-17', 'Monday', 9399.30),
('2025-03-18', 'Tuesday', 8481.77),
('2025-03-19', 'Wednesday', 11530.00),
('2025-03-20', 'Thursday', 9796.59),
('2025-03-21', 'Friday', 9002.93),
('2025-03-22', 'Saturday', 8777.40),
('2025-03-23', 'Sunday', 10545.04),
('2025-03-24', 'Monday', 9398.47),
('2025-03-25', 'Tuesday', 8482.57),
('2025-03-26', 'Wednesday', 11590.00),
('2025-03-27', 'Thursday', 9955.75),
('2025-03-28', 'Friday', 8912.41),
('2025-03-29', 'Saturday', 8740.90),
('2025-03-30', 'Sunday', 10476.64),
('2025-03-31', 'Monday', 9207.76);

-- --------------------------------------------------------

--
-- Struttura della tabella `corrispettivo`
--

CREATE TABLE `corrispettivo` (
  `id` int(11) NOT NULL,
  `u_id` int(11) NOT NULL,
  `descrizione` varchar(255) NOT NULL,
  `email` varchar(255) DEFAULT NULL,
  `corrispettivo` decimal(10,2) NOT NULL,
  `data` datetime NOT NULL DEFAULT current_timestamp(),
  `mexal` int(1) NOT NULL DEFAULT 0,
  `data_invio` datetime DEFAULT NULL
) ENGINE=InnoDB DEFAULT CHARSET=utf8mb4 COLLATE=utf8mb4_general_ci;

--
-- Dump dei dati per la tabella `corrispettivo`
--

INSERT INTO `corrispettivo` (`id`, `u_id`, `descrizione`, `email`, `corrispettivo`, `data`, `mexal`, `data_invio`) VALUES
(1, 2, 'Visita guidata', 'lavori.rl@gmail.com', 120.36, '2024-12-01 10:29:55', 0, NULL),
(2, 2, 'Visita guidata', 'lavori.rl@gmail.com', 12.36, '2024-12-01 10:30:05', 0, NULL),
(3, 2, 'Visita guidata', 'lavori.rl@gmail.com', 25.00, '2024-12-01 10:30:55', 0, NULL),
(4, 2, 'Visita guidata', 'lavori.rl@gmail.com', 250.00, '2024-12-01 10:33:52', 0, NULL),
(5, 2, 'Visita guidata', 'lavori.rl@gmail.com', 562.00, '2024-12-01 10:48:02', 0, NULL),
(6, 2, 'Visita guidata', 'lavori.rl@gmail.com', 78.00, '2024-12-01 10:50:41', 1, '2024-12-01 11:57:01'),
(7, 2, 'Visita guidata al palazzo reale di Napoli', 'lavori.rl@gmail.com', 265.00, '2024-12-01 11:02:21', 0, NULL),
(8, 1, 'Visita guidata', 'lavori.rl@gmail.com', 25.00, '2025-02-21 19:29:18', 0, NULL),
(9, 2, 'prenotazione evento', 'no-reply@noreply.it', 12.18, '2025-04-02 23:24:52', 0, NULL),
(10, 2, 'prenotazione evento', 'no-reply@noreply.it', 13.79, '2025-04-02 17:41:26', 0, NULL),
(11, 2, 'donazione', 'no-reply@noreply.it', 11.10, '2025-04-02 13:15:16', 0, NULL),
(12, 2, 'donazione', 'no-reply@noreply.it', 17.48, '2025-04-02 10:03:37', 0, NULL),
(13, 2, 'donazione', 'no-reply@noreply.it', 19.02, '2025-04-02 15:32:25', 0, NULL),
(14, 2, 'prenotazione evento', 'no-reply@noreply.it', 18.93, '2025-04-02 19:34:51', 0, NULL),
(15, 2, 'servizio extra', 'no-reply@noreply.it', 17.99, '2025-04-02 17:00:19', 0, NULL),
(16, 2, 'donazione', 'no-reply@noreply.it', 22.42, '2025-04-02 20:59:08', 0, NULL),
(17, 2, 'donazione', 'no-reply@noreply.it', 27.82, '2025-04-02 15:20:07', 0, NULL),
(18, 2, 'servizio extra', 'no-reply@noreply.it', 17.78, '2025-04-02 20:32:19', 0, NULL),
(19, 2, 'acquisto biglietto', 'no-reply@noreply.it', 28.67, '2025-04-03 03:43:56', 0, NULL),
(20, 2, 'servizio extra', 'no-reply@noreply.it', 22.73, '2025-04-02 14:24:39', 0, NULL),
(21, 2, 'visita guidata', 'no-reply@noreply.it', 19.02, '2025-04-03 06:44:38', 0, NULL),
(22, 2, 'acquisto biglietto', 'no-reply@noreply.it', 19.13, '2025-04-03 06:18:56', 0, NULL),
(23, 2, 'donazione', 'no-reply@noreply.it', 31.94, '2025-04-02 21:29:42', 0, NULL),
(24, 2, 'visita guidata', 'no-reply@noreply.it', 12.67, '1970-01-01 01:00:00', 0, NULL),
(25, 2, 'visita guidata', 'no-reply@noreply.it', 9.16, '1970-01-01 01:00:00', 0, NULL),
(26, 2, 'prenotazione evento', 'no-reply@noreply.it', 10.87, '1970-01-01 01:00:00', 0, NULL),
(27, 2, 'acquisto biglietto', 'no-reply@noreply.it', 6.87, '1970-01-01 01:00:00', 0, NULL),
(28, 2, 'prenotazione evento', 'no-reply@noreply.it', 10.74, '1970-01-01 01:00:00', 0, NULL),
(29, 2, 'donazione', 'no-reply@noreply.it', 10.04, '1970-01-01 01:00:00', 0, NULL),
(30, 2, 'donazione', 'no-reply@noreply.it', 15.70, '1970-01-01 01:00:00', 0, NULL),
(31, 2, 'visita guidata', 'no-reply@noreply.it', 13.67, '1970-01-01 01:00:00', 0, NULL),
(32, 2, 'prenotazione evento', 'no-reply@noreply.it', 14.31, '1970-01-01 01:00:00', 0, NULL),
(33, 2, 'acquisto biglietto', 'no-reply@noreply.it', 12.07, '1970-01-01 01:00:00', 0, NULL),
(34, 2, 'prenotazione evento', 'no-reply@noreply.it', 8.40, '1970-01-01 01:00:00', 0, NULL),
(35, 2, 'visita guidata', 'no-reply@noreply.it', 12.87, '1970-01-01 01:00:00', 0, NULL),
(36, 2, 'donazione', 'no-reply@noreply.it', 6.35, '1970-01-01 01:00:00', 0, NULL),
(37, 2, 'servizio extra', 'no-reply@noreply.it', 9.20, '1970-01-01 01:00:00', 0, NULL),
(38, 2, 'servizio extra', 'no-reply@noreply.it', 11.35, '1970-01-01 01:00:00', 0, NULL),
(39, 2, 'donazione', 'no-reply@noreply.it', 17.21, '1970-01-01 01:00:00', 0, NULL),
(40, 2, 'visita guidata', 'no-reply@noreply.it', 8.51, '1970-01-01 01:00:00', 0, NULL),
(41, 2, 'prenotazione evento', 'no-reply@noreply.it', 15.95, '1970-01-01 01:00:00', 0, NULL),
(42, 2, 'acquisto biglietto', 'no-reply@noreply.it', 15.51, '1970-01-01 01:00:00', 0, NULL),
(43, 2, 'acquisto biglietto', 'no-reply@noreply.it', 15.53, '1970-01-01 01:00:00', 0, NULL),
(44, 2, 'servizio extra', 'no-reply@noreply.it', 7.61, '1970-01-01 01:00:00', 0, NULL),
(45, 2, 'servizio extra', 'no-reply@noreply.it', 8.23, '1970-01-01 01:00:00', 0, NULL),
(46, 2, 'visita guidata', 'no-reply@noreply.it', 10.09, '1970-01-01 01:00:00', 0, NULL),
(47, 2, 'visita guidata', 'no-reply@noreply.it', 6.01, '1970-01-01 01:00:00', 0, NULL),
(48, 2, 'acquisto biglietto', 'no-reply@noreply.it', 9.33, '1970-01-01 01:00:00', 0, NULL),
(49, 2, 'servizio extra', 'no-reply@noreply.it', 12.81, '1970-01-01 01:00:00', 0, NULL),
(50, 2, 'prenotazione evento', 'no-reply@noreply.it', 11.25, '1970-01-01 01:00:00', 0, NULL),
(51, 2, 'servizio extra', 'no-reply@noreply.it', 6.06, '1970-01-01 01:00:00', 0, NULL),
(52, 2, 'prenotazione evento', 'no-reply@noreply.it', 12.70, '1970-01-01 01:00:00', 0, NULL),
(53, 2, 'prenotazione evento', 'no-reply@noreply.it', 28.93, '1970-01-01 01:00:00', 0, NULL),
(54, 2, 'acquisto biglietto', 'no-reply@noreply.it', 28.28, '1970-01-01 01:00:00', 0, NULL),
(55, 2, 'visita guidata', 'no-reply@noreply.it', 28.34, '1970-01-01 01:00:00', 0, NULL),
(56, 2, 'donazione', 'no-reply@noreply.it', 27.50, '1970-01-01 01:00:00', 0, NULL),
(57, 2, 'visita guidata', 'no-reply@noreply.it', 27.86, '1970-01-01 01:00:00', 0, NULL),
(58, 2, 'acquisto biglietto', 'no-reply@noreply.it', 20.50, '1970-01-01 01:00:00', 0, NULL),
(59, 2, 'donazione', 'no-reply@noreply.it', 22.45, '1970-01-01 01:00:00', 0, NULL),
(60, 2, 'prenotazione evento', 'no-reply@noreply.it', 37.13, '1970-01-01 01:00:00', 0, NULL),
(61, 2, 'acquisto biglietto', 'no-reply@noreply.it', 37.70, '1970-01-01 01:00:00', 0, NULL),
(62, 2, 'acquisto biglietto', 'no-reply@noreply.it', 39.24, '1970-01-01 01:00:00', 0, NULL),
(63, 2, 'donazione', 'no-reply@noreply.it', 31.00, '1970-01-01 01:00:00', 0, NULL),
(64, 2, 'Visita guidata al palazzo reale di Napoli', 'lavori.rl@gmail.com', 78.00, '2025-04-18 15:17:43', 0, NULL),
(65, 2, 'Visita guidata', 'lavori.rl@gmail.com', 25.00, '2025-04-29 10:01:52', 0, NULL);

-- --------------------------------------------------------

--
-- Struttura della tabella `incassi_taxi`
--

CREATE TABLE `incassi_taxi` (
  `id` int(11) NOT NULL,
  `tassista_id` int(11) DEFAULT NULL,
  `data_incasso` date DEFAULT NULL,
  `valore_incasso` decimal(10,2) DEFAULT NULL
) ENGINE=InnoDB DEFAULT CHARSET=utf8mb4 COLLATE=utf8mb4_general_ci;

--
-- Dump dei dati per la tabella `incassi_taxi`
--

INSERT INTO `incassi_taxi` (`id`, `tassista_id`, `data_incasso`, `valore_incasso`) VALUES
(1, 1, '2025-02-01', 189.70),
(2, 1, '2025-02-02', 196.90),
(3, 1, '2025-02-04', 198.20),
(4, 1, '2025-02-05', 188.10),
(5, 1, '2025-02-08', 180.10),
(6, 1, '2025-02-09', 167.80),
(7, 1, '2025-02-11', 168.40),
(8, 1, '2025-02-12', 169.80),
(9, 1, '2025-02-15', 213.20),
(10, 1, '2025-02-16', 168.20),
(11, 1, '2025-02-18', 162.30),
(12, 1, '2025-02-19', 182.60),
(13, 1, '2025-02-22', 187.60),
(14, 1, '2025-02-23', 163.50),
(15, 1, '2025-02-25', 177.90),
(16, 1, '2025-02-26', 285.70),
(17, 2, '2025-02-04', 214.05),
(18, 2, '2025-02-05', 219.90),
(19, 2, '2025-02-06', 287.40),
(20, 2, '2025-02-11', 235.40),
(21, 2, '2025-02-12', 266.80),
(22, 2, '2025-02-13', 241.90),
(23, 2, '2025-02-18', 219.20),
(24, 2, '2025-02-19', 244.10),
(25, 2, '2025-02-20', 216.05),
(26, 2, '2025-02-25', 214.50),
(27, 2, '2025-02-26', 235.00),
(28, 2, '2025-02-27', 405.70),
(29, 3, '2025-02-01', 158.40),
(30, 3, '2025-02-03', 149.30),
(31, 3, '2025-02-04', 156.20),
(32, 3, '2025-02-06', 151.40),
(33, 3, '2025-02-07', 159.70),
(34, 3, '2025-02-08', 128.90),
(35, 3, '2025-02-10', 149.50),
(36, 3, '2025-02-11', 149.40),
(37, 3, '2025-02-13', 155.80),
(38, 3, '2025-02-14', 140.90),
(39, 3, '2025-02-15', 162.80),
(40, 3, '2025-02-17', 145.40),
(41, 3, '2025-02-18', 160.70),
(42, 3, '2025-02-20', 167.80),
(43, 3, '2025-02-21', 138.80),
(44, 3, '2025-02-22', 145.08),
(45, 3, '2025-02-24', 167.60),
(46, 3, '2025-02-25', 134.00),
(47, 3, '2025-02-27', 172.10),
(48, 3, '2025-02-28', 106.22),
(49, 4, '2025-02-02', 198.60),
(50, 4, '2025-02-04', 185.40),
(51, 4, '2025-02-05', 193.70),
(52, 4, '2025-02-06', 203.40),
(53, 4, '2025-02-09', 204.80),
(54, 4, '2025-02-11', 205.80),
(55, 4, '2025-02-12', 170.80),
(56, 4, '2025-02-13', 170.01),
(57, 4, '2025-02-16', 199.00),
(58, 4, '2025-02-18', 198.00),
(59, 4, '2025-02-19', 167.80),
(60, 4, '2025-02-20', 182.40),
(61, 4, '2025-02-23', 191.70),
(62, 4, '2025-02-25', 181.90),
(63, 4, '2025-02-26', 183.60),
(64, 4, '2025-02-27', 163.09),
(65, 5, '2025-02-02', 228.30),
(66, 5, '2025-02-03', 223.50),
(67, 5, '2025-02-04', 287.30),
(68, 5, '2025-02-09', 239.80),
(69, 5, '2025-02-10', 274.60),
(70, 5, '2025-02-11', 268.30),
(71, 5, '2025-02-16', 269.00),
(72, 5, '2025-02-17', 254.40),
(73, 5, '2025-02-18', 273.30),
(74, 5, '2025-02-23', 275.70),
(75, 5, '2025-02-24', 278.40),
(76, 5, '2025-02-25', 127.40),
(77, 6, '2025-02-02', 236.60),
(78, 6, '2025-02-03', 263.10),
(79, 6, '2025-02-06', 249.50),
(80, 6, '2025-02-09', 235.70),
(81, 6, '2025-02-10', 266.30),
(82, 6, '2025-02-13', 247.80),
(83, 6, '2025-02-16', 249.60),
(84, 6, '2025-02-17', 256.40),
(85, 6, '2025-02-20', 244.70),
(86, 6, '2025-02-23', 261.70),
(87, 6, '2025-02-24', 273.80),
(88, 6, '2025-02-27', 214.80),
(89, 7, '2025-02-01', 149.20),
(90, 7, '2025-02-04', 169.70),
(91, 7, '2025-02-05', 162.20),
(92, 7, '2025-02-06', 130.60),
(93, 7, '2025-02-07', 136.04),
(94, 7, '2025-02-08', 153.03),
(95, 7, '2025-02-11', 159.40),
(96, 7, '2025-02-12', 146.10),
(97, 7, '2025-02-13', 145.20),
(98, 7, '2025-02-14', 159.40),
(99, 7, '2025-02-15', 156.30),
(100, 7, '2025-02-18', 136.90),
(101, 7, '2025-02-19', 155.30),
(102, 7, '2025-02-20', 145.60),
(103, 7, '2025-02-21', 139.07),
(104, 7, '2025-02-22', 161.40),
(105, 7, '2025-02-25', 166.00),
(106, 7, '2025-02-26', 156.30),
(107, 7, '2025-02-27', 143.03),
(108, 7, '2025-02-28', 129.23),
(109, 8, '2025-02-01', 162.80),
(110, 8, '2025-02-02', 197.50),
(111, 8, '2025-02-03', 161.40),
(112, 8, '2025-02-05', 163.90),
(113, 8, '2025-02-08', 213.70),
(114, 8, '2025-02-09', 198.08),
(115, 8, '2025-02-10', 201.20),
(116, 8, '2025-02-12', 159.70),
(117, 8, '2025-02-15', 166.50),
(118, 8, '2025-02-16', 186.10),
(119, 8, '2025-02-17', 195.00),
(120, 8, '2025-02-19', 188.20),
(121, 8, '2025-02-22', 208.50),
(122, 8, '2025-02-23', 187.20),
(123, 8, '2025-02-24', 167.20),
(124, 8, '2025-02-26', 243.02),
(125, 9, '2025-02-01', 260.30),
(126, 9, '2025-02-03', 245.90),
(127, 9, '2025-02-06', 222.80),
(128, 9, '2025-02-08', 256.40),
(129, 9, '2025-02-10', 245.03),
(130, 9, '2025-02-13', 223.20),
(131, 9, '2025-02-15', 261.00),
(132, 9, '2025-02-17', 220.30),
(133, 9, '2025-02-20', 247.30),
(134, 9, '2025-02-22', 227.60),
(135, 9, '2025-02-24', 272.30),
(136, 9, '2025-02-27', 317.87),
(137, 10, '2025-02-03', 210.50),
(138, 10, '2025-02-04', 187.80),
(139, 10, '2025-02-05', 212.80),
(140, 10, '2025-02-06', 165.80),
(141, 10, '2025-02-10', 202.80),
(142, 10, '2025-02-11', 207.20),
(143, 10, '2025-02-12', 203.50),
(144, 10, '2025-02-13', 203.70),
(145, 10, '2025-02-17', 168.20),
(146, 10, '2025-02-18', 171.40),
(147, 10, '2025-02-19', 165.04),
(148, 10, '2025-02-20', 203.00),
(149, 10, '2025-02-24', 180.08),
(150, 10, '2025-02-25', 185.80),
(151, 10, '2025-02-26', 205.30),
(152, 10, '2025-02-27', 127.08),
(153, 11, '2025-02-01', 161.40),
(154, 11, '2025-02-02', 153.06),
(155, 11, '2025-02-03', 153.40),
(156, 11, '2025-02-05', 160.10),
(157, 11, '2025-02-06', 149.60),
(158, 11, '2025-02-08', 159.08),
(159, 11, '2025-02-09', 143.00),
(160, 11, '2025-02-10', 167.30),
(161, 11, '2025-02-12', 161.07),
(162, 11, '2025-02-13', 169.10),
(163, 11, '2025-02-15', 158.50),
(164, 11, '2025-02-16', 140.00),
(165, 11, '2025-02-17', 150.80),
(166, 11, '2025-02-19', 140.30),
(167, 11, '2025-02-20', 154.20),
(168, 11, '2025-02-22', 141.06),
(169, 11, '2025-02-23', 158.50),
(170, 11, '2025-02-24', 153.90),
(171, 11, '2025-02-26', 159.30),
(172, 11, '2025-02-27', 66.33),
(173, 12, '2025-02-02', 180.00),
(174, 12, '2025-02-03', 170.00),
(175, 12, '2025-02-06', 160.20),
(176, 12, '2025-02-07', 205.01),
(177, 12, '2025-02-09', 174.70),
(178, 12, '2025-02-10', 198.70),
(179, 12, '2025-02-13', 174.90),
(180, 12, '2025-02-14', 203.10),
(181, 12, '2025-02-16', 174.80),
(182, 12, '2025-02-17', 198.60),
(183, 12, '2025-02-20', 207.60),
(184, 12, '2025-02-21', 200.90),
(185, 12, '2025-02-23', 214.90),
(186, 12, '2025-02-24', 192.50),
(187, 12, '2025-02-27', 173.80),
(188, 12, '2025-02-28', 170.29),
(189, 13, '2025-02-01', 118.40),
(190, 13, '2025-02-02', 107.30),
(191, 13, '2025-02-04', 128.30),
(192, 13, '2025-02-05', 132.80),
(193, 13, '2025-02-06', 138.30),
(194, 13, '2025-02-07', 126.60),
(195, 13, '2025-02-08', 109.40),
(196, 13, '2025-02-09', 122.70),
(197, 13, '2025-02-11', 138.20),
(198, 13, '2025-02-12', 119.90),
(199, 13, '2025-02-13', 116.90),
(200, 13, '2025-02-14', 141.90),
(201, 13, '2025-02-15', 121.50),
(202, 13, '2025-02-16', 125.90),
(203, 13, '2025-02-18', 118.70),
(204, 13, '2025-02-19', 128.80),
(205, 13, '2025-02-20', 114.30),
(206, 13, '2025-02-21', 124.50),
(207, 13, '2025-02-22', 121.90),
(208, 13, '2025-02-23', 128.00),
(209, 13, '2025-02-25', 109.90),
(210, 13, '2025-02-26', 120.09),
(211, 13, '2025-02-27', 116.20),
(212, 13, '2025-02-28', 169.51),
(213, 14, '2025-02-01', 188.30),
(214, 14, '2025-02-03', 202.90),
(215, 14, '2025-02-04', 204.90),
(216, 14, '2025-02-05', 185.10),
(217, 14, '2025-02-08', 191.80),
(218, 14, '2025-02-10', 164.40),
(219, 14, '2025-02-11', 160.40),
(220, 14, '2025-02-12', 177.60),
(221, 14, '2025-02-15', 209.30),
(222, 14, '2025-02-17', 167.00),
(223, 14, '2025-02-18', 197.80),
(224, 14, '2025-02-19', 179.60),
(225, 14, '2025-02-22', 211.90),
(226, 14, '2025-02-24', 202.40),
(227, 14, '2025-02-25', 210.80),
(228, 14, '2025-02-26', 145.80),
(229, 15, '2025-02-02', 147.60),
(230, 15, '2025-02-04', 150.30),
(231, 15, '2025-02-05', 140.90),
(232, 15, '2025-02-06', 152.60),
(233, 15, '2025-02-07', 162.90),
(234, 15, '2025-02-09', 167.50),
(235, 15, '2025-02-11', 130.70),
(236, 15, '2025-02-12', 163.50),
(237, 15, '2025-02-13', 154.90),
(238, 15, '2025-02-14', 137.60),
(239, 15, '2025-02-16', 157.50),
(240, 15, '2025-02-18', 170.50),
(241, 15, '2025-02-19', 131.20),
(242, 15, '2025-02-20', 147.50),
(243, 15, '2025-02-21', 134.50),
(244, 15, '2025-02-23', 140.06),
(245, 15, '2025-02-25', 171.90),
(246, 15, '2025-02-26', 144.20),
(247, 15, '2025-02-27', 150.70),
(248, 15, '2025-02-28', 143.44),
(249, 16, '2025-02-02', 169.60),
(250, 16, '2025-02-03', 133.30),
(251, 16, '2025-02-05', 137.50),
(252, 16, '2025-02-06', 152.20),
(253, 16, '2025-02-07', 147.40),
(254, 16, '2025-02-09', 139.70),
(255, 16, '2025-02-10', 129.80),
(256, 16, '2025-02-12', 144.05),
(257, 16, '2025-02-13', 139.90),
(258, 16, '2025-02-14', 154.60),
(259, 16, '2025-02-16', 172.20),
(260, 16, '2025-02-17', 163.60),
(261, 16, '2025-02-19', 161.50),
(262, 16, '2025-02-20', 157.90),
(263, 16, '2025-02-21', 168.00),
(264, 16, '2025-02-23', 164.60),
(265, 16, '2025-02-24', 171.00),
(266, 16, '2025-02-26', 155.90),
(267, 16, '2025-02-27', 154.70),
(268, 16, '2025-02-28', 82.55),
(269, 17, '2025-02-01', 180.90),
(270, 17, '2025-02-02', 210.30),
(271, 17, '2025-02-05', 159.60),
(272, 17, '2025-02-07', 195.90),
(273, 17, '2025-02-08', 168.30),
(274, 17, '2025-02-09', 213.40),
(275, 17, '2025-02-12', 175.90),
(276, 17, '2025-02-14', 186.20),
(277, 17, '2025-02-15', 208.10),
(278, 17, '2025-02-16', 207.20),
(279, 17, '2025-02-19', 162.09),
(280, 17, '2025-02-21', 209.70),
(281, 17, '2025-02-22', 197.20),
(282, 17, '2025-02-23', 181.60),
(283, 17, '2025-02-26', 166.50),
(284, 17, '2025-02-28', 177.11),
(285, 18, '2025-02-01', 197.01),
(286, 18, '2025-02-02', 199.50),
(287, 18, '2025-02-03', 214.30),
(288, 18, '2025-02-06', 171.70),
(289, 18, '2025-02-08', 174.10),
(290, 18, '2025-02-09', 197.80),
(291, 18, '2025-02-10', 212.50),
(292, 18, '2025-02-13', 215.60),
(293, 18, '2025-02-15', 172.40),
(294, 18, '2025-02-16', 199.60),
(295, 18, '2025-02-17', 189.30),
(296, 18, '2025-02-20', 208.70),
(297, 18, '2025-02-22', 213.40),
(298, 18, '2025-02-23', 188.10),
(299, 18, '2025-02-24', 165.70),
(300, 18, '2025-02-27', 80.29),
(301, 19, '2025-02-02', 241.30),
(302, 19, '2025-02-06', 247.30),
(303, 19, '2025-02-07', 218.00),
(304, 19, '2025-02-09', 253.00),
(305, 19, '2025-02-13', 258.30),
(306, 19, '2025-02-14', 246.30),
(307, 19, '2025-02-16', 227.50),
(308, 19, '2025-02-20', 260.90),
(309, 19, '2025-02-21', 273.20),
(310, 19, '2025-02-23', 285.30),
(311, 19, '2025-02-27', 287.00),
(312, 19, '2025-02-28', 201.90),
(313, 20, '2025-02-01', 205.20),
(314, 20, '2025-02-05', 206.30),
(315, 20, '2025-02-06', 175.20),
(316, 20, '2025-02-07', 203.40),
(317, 20, '2025-02-08', 207.90),
(318, 20, '2025-02-12', 173.80),
(319, 20, '2025-02-13', 206.40),
(320, 20, '2025-02-14', 189.60),
(321, 20, '2025-02-15', 181.10),
(322, 20, '2025-02-19', 173.70),
(323, 20, '2025-02-20', 190.60),
(324, 20, '2025-02-21', 209.80),
(325, 20, '2025-02-22', 203.10),
(326, 20, '2025-02-26', 159.90),
(327, 20, '2025-02-27', 196.07),
(328, 20, '2025-02-28', 117.93),
(329, 21, '2025-02-02', 170.70),
(330, 21, '2025-02-05', 195.90),
(331, 21, '2025-02-06', 184.60),
(332, 21, '2025-02-07', 173.90),
(333, 21, '2025-02-09', 184.50),
(334, 21, '2025-02-12', 171.70),
(335, 21, '2025-02-13', 179.70),
(336, 21, '2025-02-14', 178.30),
(337, 21, '2025-02-16', 213.90),
(338, 21, '2025-02-19', 185.10),
(339, 21, '2025-02-20', 187.20),
(340, 21, '2025-02-21', 201.80),
(341, 21, '2025-02-23', 209.30),
(342, 21, '2025-02-26', 172.00),
(343, 21, '2025-02-27', 194.80),
(344, 21, '2025-02-28', 196.60),
(345, 22, '2025-02-01', 235.60),
(346, 22, '2025-02-02', 287.50),
(347, 22, '2025-02-03', 218.80),
(348, 22, '2025-02-08', 236.10),
(349, 22, '2025-02-09', 247.40),
(350, 22, '2025-02-10', 250.60),
(351, 22, '2025-02-15', 285.08),
(352, 22, '2025-02-16', 247.20),
(353, 22, '2025-02-17', 256.05),
(354, 22, '2025-02-22', 241.10),
(355, 22, '2025-02-23', 241.80),
(356, 22, '2025-02-24', 252.77),
(357, 23, '2025-02-01', 142.40),
(358, 23, '2025-02-02', 160.70),
(359, 23, '2025-02-04', 131.50),
(360, 23, '2025-02-05', 134.30),
(361, 23, '2025-02-06', 162.40),
(362, 23, '2025-02-08', 147.70),
(363, 23, '2025-02-09', 160.60),
(364, 23, '2025-02-11', 130.02),
(365, 23, '2025-02-12', 131.30),
(366, 23, '2025-02-13', 138.09),
(367, 23, '2025-02-15', 144.40),
(368, 23, '2025-02-16', 133.40),
(369, 23, '2025-02-18', 163.60),
(370, 23, '2025-02-19', 162.90),
(371, 23, '2025-02-20', 133.40),
(372, 23, '2025-02-22', 164.00),
(373, 23, '2025-02-23', 169.60),
(374, 23, '2025-02-25', 155.10),
(375, 23, '2025-02-26', 138.02),
(376, 23, '2025-02-27', 196.57),
(377, 24, '2025-02-01', 224.20),
(378, 24, '2025-02-05', 284.50),
(379, 24, '2025-02-07', 230.20),
(380, 24, '2025-02-08', 280.30),
(381, 24, '2025-02-12', 263.20),
(382, 24, '2025-02-14', 248.70),
(383, 24, '2025-02-15', 239.10),
(384, 24, '2025-02-19', 282.60),
(385, 24, '2025-02-21', 228.20),
(386, 24, '2025-02-22', 232.80),
(387, 24, '2025-02-26', 272.60),
(388, 24, '2025-02-28', 213.60),
(389, 25, '2025-02-01', 142.80),
(390, 25, '2025-02-02', 118.30),
(391, 25, '2025-02-03', 126.30),
(392, 25, '2025-02-04', 119.80),
(393, 25, '2025-02-06', 117.10),
(394, 25, '2025-02-07', 129.08),
(395, 25, '2025-02-08', 136.40),
(396, 25, '2025-02-09', 129.90),
(397, 25, '2025-02-10', 121.00),
(398, 25, '2025-02-11', 110.90),
(399, 25, '2025-02-13', 107.60),
(400, 25, '2025-02-14', 136.70),
(401, 25, '2025-02-15', 112.40),
(402, 25, '2025-02-16', 114.06),
(403, 25, '2025-02-17', 135.30),
(404, 25, '2025-02-18', 123.00),
(405, 25, '2025-02-20', 122.30),
(406, 25, '2025-02-21', 127.80),
(407, 25, '2025-02-22', 122.40),
(408, 25, '2025-02-23', 108.01),
(409, 25, '2025-02-24', 124.60),
(410, 25, '2025-02-25', 115.30),
(411, 25, '2025-02-27', 109.09),
(412, 25, '2025-02-28', 189.86),
(413, 26, '2025-02-02', 278.80),
(414, 26, '2025-02-04', 251.80),
(415, 26, '2025-02-07', 253.00),
(416, 26, '2025-02-09', 240.50),
(417, 26, '2025-02-11', 269.60),
(418, 26, '2025-02-14', 235.03),
(419, 26, '2025-02-16', 241.60),
(420, 26, '2025-02-18', 279.80),
(421, 26, '2025-02-21', 220.70),
(422, 26, '2025-02-23', 226.60),
(423, 26, '2025-02-25', 259.50),
(424, 26, '2025-02-28', 243.07),
(425, 27, '2025-02-02', 134.90),
(426, 27, '2025-02-03', 155.60),
(427, 27, '2025-02-04', 161.90),
(428, 27, '2025-02-05', 169.80),
(429, 27, '2025-02-07', 151.08),
(430, 27, '2025-02-09', 143.30),
(431, 27, '2025-02-10', 146.40),
(432, 27, '2025-02-11', 164.60),
(433, 27, '2025-02-12', 130.90),
(434, 27, '2025-02-14', 152.90),
(435, 27, '2025-02-16', 139.02),
(436, 27, '2025-02-17', 135.80),
(437, 27, '2025-02-18', 148.60),
(438, 27, '2025-02-19', 140.20),
(439, 27, '2025-02-21', 160.60),
(440, 27, '2025-02-23', 136.60),
(441, 27, '2025-02-24', 159.80),
(442, 27, '2025-02-25', 137.30),
(443, 27, '2025-02-26', 150.40),
(444, 27, '2025-02-28', 180.30),
(445, 28, '2025-02-01', 142.70),
(446, 28, '2025-02-03', 110.90),
(447, 28, '2025-02-04', 129.80),
(448, 28, '2025-02-05', 133.30),
(449, 28, '2025-02-06', 116.40),
(450, 28, '2025-02-07', 108.90),
(451, 28, '2025-02-08', 107.20),
(452, 28, '2025-02-10', 141.10),
(453, 28, '2025-02-11', 108.08),
(454, 28, '2025-02-12', 108.03),
(455, 28, '2025-02-13', 125.60),
(456, 28, '2025-02-14', 112.60),
(457, 28, '2025-02-15', 139.80),
(458, 28, '2025-02-17', 114.60),
(459, 28, '2025-02-18', 120.80),
(460, 28, '2025-02-19', 127.30),
(461, 28, '2025-02-20', 118.50),
(462, 28, '2025-02-21', 113.70),
(463, 28, '2025-02-22', 141.00),
(464, 28, '2025-02-24', 141.10),
(465, 28, '2025-02-25', 134.40),
(466, 28, '2025-02-26', 122.00),
(467, 28, '2025-02-27', 117.40),
(468, 28, '2025-02-28', 164.79),
(469, 29, '2025-02-02', 168.80),
(470, 29, '2025-02-03', 203.20),
(471, 29, '2025-02-04', 198.70),
(472, 29, '2025-02-06', 204.60),
(473, 29, '2025-02-09', 171.60),
(474, 29, '2025-02-10', 168.50),
(475, 29, '2025-02-11', 176.50),
(476, 29, '2025-02-13', 170.80),
(477, 29, '2025-02-16', 168.90),
(478, 29, '2025-02-17', 201.50),
(479, 29, '2025-02-18', 165.70),
(480, 29, '2025-02-20', 198.50),
(481, 29, '2025-02-23', 186.30),
(482, 29, '2025-02-24', 210.50),
(483, 29, '2025-02-25', 208.05),
(484, 29, '2025-02-27', 197.85),
(485, 30, '2025-02-02', 137.05),
(486, 30, '2025-02-03', 131.10),
(487, 30, '2025-02-04', 135.00),
(488, 30, '2025-02-05', 113.70),
(489, 30, '2025-02-06', 137.70),
(490, 30, '2025-02-07', 120.20),
(491, 30, '2025-02-09', 118.06),
(492, 30, '2025-02-10', 120.40),
(493, 30, '2025-02-11', 121.90),
(494, 30, '2025-02-12', 112.40),
(495, 30, '2025-02-13', 108.20),
(496, 30, '2025-02-14', 132.60),
(497, 30, '2025-02-16', 125.01),
(498, 30, '2025-02-17', 121.40),
(499, 30, '2025-02-18', 114.20),
(500, 30, '2025-02-19', 106.70),
(501, 30, '2025-02-20', 141.20),
(502, 30, '2025-02-21', 132.50),
(503, 30, '2025-02-23', 122.50),
(504, 30, '2025-02-24', 131.20),
(505, 30, '2025-02-25', 124.80),
(506, 30, '2025-02-26', 107.03),
(507, 30, '2025-02-27', 112.30),
(508, 30, '2025-02-28', 172.85),
(509, 31, '2025-02-02', 167.30),
(510, 31, '2025-02-03', 192.80),
(511, 31, '2025-02-05', 169.60),
(512, 31, '2025-02-07', 205.10),
(513, 31, '2025-02-09', 206.70),
(514, 31, '2025-02-10', 175.60),
(515, 31, '2025-02-12', 173.50),
(516, 31, '2025-02-14', 205.50),
(517, 31, '2025-02-16', 179.70),
(518, 31, '2025-02-17', 175.20),
(519, 31, '2025-02-19', 196.03),
(520, 31, '2025-02-21', 213.70),
(521, 31, '2025-02-23', 184.60),
(522, 31, '2025-02-24', 201.80),
(523, 31, '2025-02-26', 162.30),
(524, 31, '2025-02-28', 190.57),
(525, 32, '2025-02-02', 187.00),
(526, 32, '2025-02-04', 187.90),
(527, 32, '2025-02-05', 173.40),
(528, 32, '2025-02-06', 211.70),
(529, 32, '2025-02-09', 192.30),
(530, 32, '2025-02-11', 176.50),
(531, 32, '2025-02-12', 177.60),
(532, 32, '2025-02-13', 177.04),
(533, 32, '2025-02-16', 187.30),
(534, 32, '2025-02-18', 187.20),
(535, 32, '2025-02-19', 190.30),
(536, 32, '2025-02-20', 164.60),
(537, 32, '2025-02-23', 192.00),
(538, 32, '2025-02-25', 160.10),
(539, 32, '2025-02-26', 209.70),
(540, 32, '2025-02-27', 225.36),
(541, 33, '2025-02-03', 236.70),
(542, 33, '2025-02-05', 212.80),
(543, 33, '2025-02-07', 285.80),
(544, 33, '2025-02-10', 252.70),
(545, 33, '2025-02-12', 257.70),
(546, 33, '2025-02-14', 236.70),
(547, 33, '2025-02-17', 245.03),
(548, 33, '2025-02-19', 243.03),
(549, 33, '2025-02-21', 248.20),
(550, 33, '2025-02-24', 278.40),
(551, 33, '2025-02-26', 283.30),
(552, 33, '2025-02-28', 219.64),
(553, 34, '2025-02-01', 168.80),
(554, 34, '2025-02-02', 148.30),
(555, 34, '2025-02-03', 140.20),
(556, 34, '2025-02-05', 133.30),
(557, 34, '2025-02-06', 140.30),
(558, 34, '2025-02-08', 139.05),
(559, 34, '2025-02-09', 158.70),
(560, 34, '2025-02-10', 130.20),
(561, 34, '2025-02-12', 135.80),
(562, 34, '2025-02-13', 166.50),
(563, 34, '2025-02-15', 130.10),
(564, 34, '2025-02-16', 137.10),
(565, 34, '2025-02-17', 166.20),
(566, 34, '2025-02-19', 138.50),
(567, 34, '2025-02-20', 170.60),
(568, 34, '2025-02-22', 139.70),
(569, 34, '2025-02-23', 131.70),
(570, 34, '2025-02-24', 166.90),
(571, 34, '2025-02-26', 142.70),
(572, 34, '2025-02-27', 215.35),
(573, 35, '2025-02-01', 227.90),
(574, 35, '2025-02-02', 286.03),
(575, 35, '2025-02-04', 229.05),
(576, 35, '2025-02-08', 229.40),
(577, 35, '2025-02-09', 279.50),
(578, 35, '2025-02-11', 239.70),
(579, 35, '2025-02-15', 215.00),
(580, 35, '2025-02-16', 240.08),
(581, 35, '2025-02-18', 260.60),
(582, 35, '2025-02-22', 239.20),
(583, 35, '2025-02-23', 278.10),
(584, 35, '2025-02-25', 275.44),
(585, 36, '2025-02-02', 284.03),
(586, 36, '2025-02-05', 281.50),
(587, 36, '2025-02-07', 269.30),
(588, 36, '2025-02-09', 217.60),
(589, 36, '2025-02-12', 231.80),
(590, 36, '2025-02-14', 238.60),
(591, 36, '2025-02-16', 264.60),
(592, 36, '2025-02-19', 214.40),
(593, 36, '2025-02-21', 255.70),
(594, 36, '2025-02-23', 214.30),
(595, 36, '2025-02-26', 270.03),
(596, 36, '2025-02-28', 258.14),
(597, 37, '2025-02-01', 139.80),
(598, 37, '2025-02-02', 141.00),
(599, 37, '2025-02-03', 138.50),
(600, 37, '2025-02-04', 141.40),
(601, 37, '2025-02-06', 113.30),
(602, 37, '2025-02-07', 109.80),
(603, 37, '2025-02-08', 118.80),
(604, 37, '2025-02-09', 133.80),
(605, 37, '2025-02-10', 110.40),
(606, 37, '2025-02-11', 120.60),
(607, 37, '2025-02-13', 113.09),
(608, 37, '2025-02-14', 114.40),
(609, 37, '2025-02-15', 139.40),
(610, 37, '2025-02-16', 121.01),
(611, 37, '2025-02-17', 118.40),
(612, 37, '2025-02-18', 126.30),
(613, 37, '2025-02-20', 107.30),
(614, 37, '2025-02-21', 129.10),
(615, 37, '2025-02-22', 133.90),
(616, 37, '2025-02-23', 116.04),
(617, 37, '2025-02-24', 109.90),
(618, 37, '2025-02-25', 133.70),
(619, 37, '2025-02-27', 114.60),
(620, 37, '2025-02-28', 155.46),
(621, 38, '2025-02-01', 195.40),
(622, 38, '2025-02-02', 194.04),
(623, 38, '2025-02-06', 186.90),
(624, 38, '2025-02-07', 168.30),
(625, 38, '2025-02-08', 209.80),
(626, 38, '2025-02-09', 179.80),
(627, 38, '2025-02-13', 198.10),
(628, 38, '2025-02-14', 197.20),
(629, 38, '2025-02-15', 212.00),
(630, 38, '2025-02-16', 171.40),
(631, 38, '2025-02-20', 167.80),
(632, 38, '2025-02-21', 161.70),
(633, 38, '2025-02-22', 211.20),
(634, 38, '2025-02-23', 196.80),
(635, 38, '2025-02-27', 207.70),
(636, 38, '2025-02-28', 141.86),
(637, 39, '2025-02-02', 133.00),
(638, 39, '2025-02-04', 166.20),
(639, 39, '2025-02-05', 162.40),
(640, 39, '2025-02-06', 155.30),
(641, 39, '2025-02-07', 162.60),
(642, 39, '2025-02-09', 156.40),
(643, 39, '2025-02-11', 170.70),
(644, 39, '2025-02-12', 142.30),
(645, 39, '2025-02-13', 159.10),
(646, 39, '2025-02-14', 148.00),
(647, 39, '2025-02-16', 150.40),
(648, 39, '2025-02-18', 154.00),
(649, 39, '2025-02-19', 144.50),
(650, 39, '2025-02-20', 132.80),
(651, 39, '2025-02-21', 161.09),
(652, 39, '2025-02-23', 146.90),
(653, 39, '2025-02-25', 150.60),
(654, 39, '2025-02-26', 160.50),
(655, 39, '2025-02-27', 162.03),
(656, 39, '2025-02-28', 81.18),
(657, 40, '2025-02-01', 128.80),
(658, 40, '2025-02-02', 160.40),
(659, 40, '2025-02-03', 144.70),
(660, 40, '2025-02-04', 171.30),
(661, 40, '2025-02-05', 152.60),
(662, 40, '2025-02-08', 165.10),
(663, 40, '2025-02-09', 149.10),
(664, 40, '2025-02-10', 137.30),
(665, 40, '2025-02-11', 135.90),
(666, 40, '2025-02-12', 128.30),
(667, 40, '2025-02-15', 128.60),
(668, 40, '2025-02-16', 141.50),
(669, 40, '2025-02-17', 137.50),
(670, 40, '2025-02-18', 165.80),
(671, 40, '2025-02-19', 137.80),
(672, 40, '2025-02-22', 140.30),
(673, 40, '2025-02-23', 130.80),
(674, 40, '2025-02-24', 136.50),
(675, 40, '2025-02-25', 164.20),
(676, 40, '2025-02-26', 243.50),
(677, 41, '2025-02-02', 212.10),
(678, 41, '2025-02-04', 165.90),
(679, 41, '2025-02-05', 212.30),
(680, 41, '2025-02-07', 204.09),
(681, 41, '2025-02-09', 207.20),
(682, 41, '2025-02-11', 176.06),
(683, 41, '2025-02-12', 160.70),
(684, 41, '2025-02-14', 202.80),
(685, 41, '2025-02-16', 196.80),
(686, 41, '2025-02-18', 194.50),
(687, 41, '2025-02-19', 179.00),
(688, 41, '2025-02-21', 171.80),
(689, 41, '2025-02-23', 174.06),
(690, 41, '2025-02-25', 195.30),
(691, 41, '2025-02-26', 160.50),
(692, 41, '2025-02-28', 186.89),
(693, 42, '2025-02-03', 131.20),
(694, 42, '2025-02-04', 160.40),
(695, 42, '2025-02-05', 128.30),
(696, 42, '2025-02-06', 150.70),
(697, 42, '2025-02-07', 155.40),
(698, 42, '2025-02-10', 138.30),
(699, 42, '2025-02-11', 147.90),
(700, 42, '2025-02-12', 130.90),
(701, 42, '2025-02-13', 130.00),
(702, 42, '2025-02-14', 171.70),
(703, 42, '2025-02-17', 154.40),
(704, 42, '2025-02-18', 140.90),
(705, 42, '2025-02-19', 131.60),
(706, 42, '2025-02-20', 171.00),
(707, 42, '2025-02-21', 147.70),
(708, 42, '2025-02-24', 169.00),
(709, 42, '2025-02-25', 159.06),
(710, 42, '2025-02-26', 161.60),
(711, 42, '2025-02-27', 155.30),
(712, 42, '2025-02-28', 164.64),
(713, 43, '2025-02-03', 159.70),
(714, 43, '2025-02-04', 172.01),
(715, 43, '2025-02-05', 204.40),
(716, 43, '2025-02-07', 160.70),
(717, 43, '2025-02-10', 212.20),
(718, 43, '2025-02-11', 167.30),
(719, 43, '2025-02-12', 168.30),
(720, 43, '2025-02-14', 202.20),
(721, 43, '2025-02-17', 161.20),
(722, 43, '2025-02-18', 168.70),
(723, 43, '2025-02-19', 172.40),
(724, 43, '2025-02-21', 198.90),
(725, 43, '2025-02-24', 211.80),
(726, 43, '2025-02-25', 188.50),
(727, 43, '2025-02-26', 198.70),
(728, 43, '2025-02-28', 252.99),
(729, 44, '2025-02-01', 114.30),
(730, 44, '2025-02-02', 123.00),
(731, 44, '2025-02-04', 112.00),
(732, 44, '2025-02-05', 143.50),
(733, 44, '2025-02-06', 134.10),
(734, 44, '2025-02-07', 137.50),
(735, 44, '2025-02-08', 117.90),
(736, 44, '2025-02-09', 142.80),
(737, 44, '2025-02-11', 125.10),
(738, 44, '2025-02-12', 112.08),
(739, 44, '2025-02-13', 140.40),
(740, 44, '2025-02-14', 124.00),
(741, 44, '2025-02-15', 132.30),
(742, 44, '2025-02-16', 135.30),
(743, 44, '2025-02-18', 125.70),
(744, 44, '2025-02-19', 115.60),
(745, 44, '2025-02-20', 142.00),
(746, 44, '2025-02-21', 137.80),
(747, 44, '2025-02-22', 110.50),
(748, 44, '2025-02-23', 111.70),
(749, 44, '2025-02-25', 124.20),
(750, 44, '2025-02-26', 118.20),
(751, 44, '2025-02-27', 131.10),
(752, 44, '2025-02-28', 88.92),
(753, 45, '2025-02-01', 213.80),
(754, 45, '2025-02-02', 209.50),
(755, 45, '2025-02-03', 206.00),
(756, 45, '2025-02-06', 194.90),
(757, 45, '2025-02-08', 202.40),
(758, 45, '2025-02-09', 196.60),
(759, 45, '2025-02-10', 208.03),
(760, 45, '2025-02-13', 196.70),
(761, 45, '2025-02-15', 166.09),
(762, 45, '2025-02-16', 185.90),
(763, 45, '2025-02-17', 181.30),
(764, 45, '2025-02-20', 161.20),
(765, 45, '2025-02-22', 169.60),
(766, 45, '2025-02-23', 189.70),
(767, 45, '2025-02-24', 190.50),
(768, 45, '2025-02-27', 127.78),
(769, 46, '2025-02-01', 172.40),
(770, 46, '2025-02-03', 165.50),
(771, 46, '2025-02-06', 178.40),
(772, 46, '2025-02-07', 186.90),
(773, 46, '2025-02-08', 211.30),
(774, 46, '2025-02-10', 189.30),
(775, 46, '2025-02-13', 190.90),
(776, 46, '2025-02-14', 162.10),
(777, 46, '2025-02-15', 205.60),
(778, 46, '2025-02-17', 186.20),
(779, 46, '2025-02-20', 203.50),
(780, 46, '2025-02-21', 189.60),
(781, 46, '2025-02-22', 188.20),
(782, 46, '2025-02-24', 173.60),
(783, 46, '2025-02-27', 180.90),
(784, 46, '2025-02-28', 215.60),
(785, 47, '2025-02-01', 236.50),
(786, 47, '2025-02-03', 271.20),
(787, 47, '2025-02-04', 240.40),
(788, 47, '2025-02-08', 263.70),
(789, 47, '2025-02-10', 279.60),
(790, 47, '2025-02-11', 272.20),
(791, 47, '2025-02-15', 240.00),
(792, 47, '2025-02-17', 248.70),
(793, 47, '2025-02-18', 225.90),
(794, 47, '2025-02-22', 245.80),
(795, 47, '2025-02-24', 246.10),
(796, 47, '2025-02-25', 229.90),
(797, 48, '2025-02-01', 142.80),
(798, 48, '2025-02-04', 152.50),
(799, 48, '2025-02-05', 146.70),
(800, 48, '2025-02-06', 129.70),
(801, 48, '2025-02-07', 145.50),
(802, 48, '2025-02-08', 146.70),
(803, 48, '2025-02-11', 160.00),
(804, 48, '2025-02-12', 146.00),
(805, 48, '2025-02-13', 171.70),
(806, 48, '2025-02-14', 162.30),
(807, 48, '2025-02-15', 159.10),
(808, 48, '2025-02-18', 157.90),
(809, 48, '2025-02-19', 147.50),
(810, 48, '2025-02-20', 161.20),
(811, 48, '2025-02-21', 169.01),
(812, 48, '2025-02-22', 127.60),
(813, 48, '2025-02-25', 136.40),
(814, 48, '2025-02-26', 142.40),
(815, 48, '2025-02-27', 128.10),
(816, 48, '2025-02-28', 166.89),
(817, 49, '2025-02-02', 129.40),
(818, 49, '2025-02-03', 135.70),
(819, 49, '2025-02-04', 145.01),
(820, 49, '2025-02-05', 131.00),
(821, 49, '2025-02-06', 149.90),
(822, 49, '2025-02-09', 132.20),
(823, 49, '2025-02-10', 131.70),
(824, 49, '2025-02-11', 141.10),
(825, 49, '2025-02-12', 154.00),
(826, 49, '2025-02-13', 135.80),
(827, 49, '2025-02-16', 146.90),
(828, 49, '2025-02-17', 142.90),
(829, 49, '2025-02-18', 156.60),
(830, 49, '2025-02-19', 135.02),
(831, 49, '2025-02-20', 167.30),
(832, 49, '2025-02-23', 165.05),
(833, 49, '2025-02-24', 150.20),
(834, 49, '2025-02-25', 168.60),
(835, 49, '2025-02-26', 162.50),
(836, 49, '2025-02-27', 219.12),
(837, 50, '2025-02-01', 170.30),
(838, 50, '2025-02-02', 211.40),
(839, 50, '2025-02-04', 209.80),
(840, 50, '2025-02-05', 215.00),
(841, 50, '2025-02-08', 189.90),
(842, 50, '2025-02-09', 197.03),
(843, 50, '2025-02-11', 214.30),
(844, 50, '2025-02-12', 189.20),
(845, 50, '2025-02-15', 181.03),
(846, 50, '2025-02-16', 208.70),
(847, 50, '2025-02-18', 196.90),
(848, 50, '2025-02-19', 204.70),
(849, 50, '2025-02-22', 182.00),
(850, 50, '2025-02-23', 186.90),
(851, 50, '2025-02-25', 179.70),
(852, 50, '2025-02-26', 63.14),
(853, 51, '2025-02-01', 162.50),
(854, 51, '2025-02-03', 211.40),
(855, 51, '2025-02-04', 178.50),
(856, 51, '2025-02-07', 186.20),
(857, 51, '2025-02-08', 173.20),
(858, 51, '2025-02-10', 181.10),
(859, 51, '2025-02-11', 162.50),
(860, 51, '2025-02-14', 189.70),
(861, 51, '2025-02-15', 203.10),
(862, 51, '2025-02-17', 196.40),
(863, 51, '2025-02-18', 168.70),
(864, 51, '2025-02-21', 206.30),
(865, 51, '2025-02-22', 213.70),
(866, 51, '2025-02-24', 161.60),
(867, 51, '2025-02-25', 206.10),
(868, 51, '2025-02-28', 199.00),
(869, 52, '2025-02-01', 155.10),
(870, 52, '2025-02-03', 130.07),
(871, 52, '2025-02-04', 170.60),
(872, 52, '2025-02-05', 153.80),
(873, 52, '2025-02-06', 145.40),
(874, 52, '2025-02-08', 169.80),
(875, 52, '2025-02-10', 140.50),
(876, 52, '2025-02-11', 151.40),
(877, 52, '2025-02-12', 164.06),
(878, 52, '2025-02-13', 157.00),
(879, 52, '2025-02-15', 156.40),
(880, 52, '2025-02-17', 156.30),
(881, 52, '2025-02-18', 168.80),
(882, 52, '2025-02-19', 163.05),
(883, 52, '2025-02-20', 152.06),
(884, 52, '2025-02-22', 157.40),
(885, 52, '2025-02-24', 145.40),
(886, 52, '2025-02-25', 137.00),
(887, 52, '2025-02-26', 128.00),
(888, 52, '2025-02-27', 97.86),
(889, 53, '2025-02-03', 265.10),
(890, 53, '2025-02-05', 239.60),
(891, 53, '2025-02-06', 286.50),
(892, 53, '2025-02-10', 224.50),
(893, 53, '2025-02-12', 273.40),
(894, 53, '2025-02-13', 258.70),
(895, 53, '2025-02-17', 257.30),
(896, 53, '2025-02-19', 239.40),
(897, 53, '2025-02-20', 273.05),
(898, 53, '2025-02-24', 276.40),
(899, 53, '2025-02-26', 238.50),
(900, 53, '2025-02-27', 167.55),
(901, 54, '2025-02-01', 250.10),
(902, 54, '2025-02-05', 241.20),
(903, 54, '2025-02-07', 243.50),
(904, 54, '2025-02-08', 274.50),
(905, 54, '2025-02-12', 239.40),
(906, 54, '2025-02-14', 252.90),
(907, 54, '2025-02-15', 224.80),
(908, 54, '2025-02-19', 237.90),
(909, 54, '2025-02-21', 238.50),
(910, 54, '2025-02-22', 267.20),
(911, 54, '2025-02-26', 251.90),
(912, 54, '2025-02-28', 278.10),
(913, 55, '2025-02-01', 161.50),
(914, 55, '2025-02-02', 160.60),
(915, 55, '2025-02-03', 150.40),
(916, 55, '2025-02-06', 150.30),
(917, 55, '2025-02-07', 131.70),
(918, 55, '2025-02-08', 157.30),
(919, 55, '2025-02-09', 161.80),
(920, 55, '2025-02-10', 159.09),
(921, 55, '2025-02-13', 134.30),
(922, 55, '2025-02-14', 161.30),
(923, 55, '2025-02-15', 170.60),
(924, 55, '2025-02-16', 143.20),
(925, 55, '2025-02-17', 161.30),
(926, 55, '2025-02-20', 157.00),
(927, 55, '2025-02-21', 148.20),
(928, 55, '2025-02-22', 139.20),
(929, 55, '2025-02-23', 137.30),
(930, 55, '2025-02-24', 129.03),
(931, 55, '2025-02-27', 132.06),
(932, 55, '2025-02-28', 153.82),
(933, 56, '2025-02-01', 286.20),
(934, 56, '2025-02-05', 258.40),
(935, 56, '2025-02-06', 257.40),
(936, 56, '2025-02-08', 232.10),
(937, 56, '2025-02-12', 217.00),
(938, 56, '2025-02-13', 222.60),
(939, 56, '2025-02-15', 221.03),
(940, 56, '2025-02-19', 219.80),
(941, 56, '2025-02-20', 232.10),
(942, 56, '2025-02-22', 244.60),
(943, 56, '2025-02-26', 259.10),
(944, 56, '2025-02-27', 349.67),
(945, 57, '2025-02-01', 163.60),
(946, 57, '2025-02-02', 128.07),
(947, 57, '2025-02-05', 144.20),
(948, 57, '2025-02-06', 129.20),
(949, 57, '2025-02-07', 171.90),
(950, 57, '2025-02-08', 144.00),
(951, 57, '2025-02-09', 171.50),
(952, 57, '2025-02-12', 130.01),
(953, 57, '2025-02-13', 152.50),
(954, 57, '2025-02-14', 149.70),
(955, 57, '2025-02-15', 158.80),
(956, 57, '2025-02-16', 147.40),
(957, 57, '2025-02-19', 167.90),
(958, 57, '2025-02-20', 140.60),
(959, 57, '2025-02-21', 149.00),
(960, 57, '2025-02-22', 170.90),
(961, 57, '2025-02-23', 135.20),
(962, 57, '2025-02-26', 156.90),
(963, 57, '2025-02-27', 150.70),
(964, 57, '2025-02-28', 137.92),
(965, 58, '2025-02-01', 215.20),
(966, 58, '2025-02-04', 181.01),
(967, 58, '2025-02-05', 215.00),
(968, 58, '2025-02-07', 184.30),
(969, 58, '2025-02-08', 203.40),
(970, 58, '2025-02-11', 165.40),
(971, 58, '2025-02-12', 194.90),
(972, 58, '2025-02-14', 197.90),
(973, 58, '2025-02-15', 211.20),
(974, 58, '2025-02-18', 194.50),
(975, 58, '2025-02-19', 175.80),
(976, 58, '2025-02-21', 186.60),
(977, 58, '2025-02-22', 192.40),
(978, 58, '2025-02-25', 173.90),
(979, 58, '2025-02-26', 214.10),
(980, 58, '2025-02-28', 94.39),
(981, 59, '2025-02-01', 279.10),
(982, 59, '2025-02-03', 277.50),
(983, 59, '2025-02-06', 277.70),
(984, 59, '2025-02-08', 279.50),
(985, 59, '2025-02-10', 216.30),
(986, 59, '2025-02-13', 248.60),
(987, 59, '2025-02-15', 274.20),
(988, 59, '2025-02-17', 246.40),
(989, 59, '2025-02-20', 237.30),
(990, 59, '2025-02-22', 270.90),
(991, 59, '2025-02-24', 287.50),
(992, 59, '2025-02-27', 105.00),
(993, 60, '2025-02-01', 228.90),
(994, 60, '2025-02-02', 221.90),
(995, 60, '2025-02-03', 251.70),
(996, 60, '2025-02-08', 217.60),
(997, 60, '2025-02-09', 249.50),
(998, 60, '2025-02-10', 249.80),
(999, 60, '2025-02-15', 215.60),
(1000, 60, '2025-02-16', 248.20),
(1001, 60, '2025-02-17', 259.03),
(1002, 60, '2025-02-22', 221.30),
(1003, 60, '2025-02-23', 230.40),
(1004, 60, '2025-02-24', 406.07),
(1005, 61, '2025-02-04', 217.40),
(1006, 61, '2025-02-05', 214.60),
(1007, 61, '2025-02-06', 228.90),
(1008, 61, '2025-02-11', 254.70),
(1009, 61, '2025-02-12', 252.40),
(1010, 61, '2025-02-13', 252.40),
(1011, 61, '2025-02-18', 230.60),
(1012, 61, '2025-02-19', 264.50),
(1013, 61, '2025-02-20', 245.80),
(1014, 61, '2025-02-25', 214.30),
(1015, 61, '2025-02-26', 262.40),
(1016, 61, '2025-02-27', 362.00),
(1017, 62, '2025-02-01', 141.80),
(1018, 62, '2025-02-02', 117.04),
(1019, 62, '2025-02-03', 122.60),
(1020, 62, '2025-02-04', 130.30),
(1021, 62, '2025-02-05', 119.90),
(1022, 62, '2025-02-06', 129.20),
(1023, 62, '2025-02-08', 111.40),
(1024, 62, '2025-02-09', 131.70),
(1025, 62, '2025-02-10', 110.10),
(1026, 62, '2025-02-11', 107.40),
(1027, 62, '2025-02-12', 127.05),
(1028, 62, '2025-02-13', 135.00),
(1029, 62, '2025-02-15', 109.40),
(1030, 62, '2025-02-16', 136.10),
(1031, 62, '2025-02-17', 129.40),
(1032, 62, '2025-02-18', 136.70),
(1033, 62, '2025-02-19', 110.70),
(1034, 62, '2025-02-20', 138.00),
(1035, 62, '2025-02-22', 136.50),
(1036, 62, '2025-02-23', 133.00),
(1037, 62, '2025-02-24', 126.20),
(1038, 62, '2025-02-25', 141.40),
(1039, 62, '2025-02-26', 110.90),
(1040, 62, '2025-02-27', 108.21),
(1041, 63, '2025-02-01', 158.70),
(1042, 63, '2025-02-02', 159.90),
(1043, 63, '2025-02-03', 151.10),
(1044, 63, '2025-02-04', 136.00),
(1045, 63, '2025-02-06', 155.30),
(1046, 63, '2025-02-08', 170.04),
(1047, 63, '2025-02-09', 157.10),
(1048, 63, '2025-02-10', 160.30),
(1049, 63, '2025-02-11', 153.20),
(1050, 63, '2025-02-13', 156.90),
(1051, 63, '2025-02-15', 148.80),
(1052, 63, '2025-02-16', 151.50),
(1053, 63, '2025-02-17', 130.70),
(1054, 63, '2025-02-18', 130.60),
(1055, 63, '2025-02-20', 135.40),
(1056, 63, '2025-02-22', 157.10),
(1057, 63, '2025-02-23', 129.90),
(1058, 63, '2025-02-24', 169.08),
(1059, 63, '2025-02-25', 153.30),
(1060, 63, '2025-02-27', 135.08),
(1061, 64, '2025-02-01', 114.40),
(1062, 64, '2025-02-02', 131.00),
(1063, 64, '2025-02-03', 121.60),
(1064, 64, '2025-02-04', 133.20),
(1065, 64, '2025-02-05', 135.80),
(1066, 64, '2025-02-07', 127.80),
(1067, 64, '2025-02-08', 114.40),
(1068, 64, '2025-02-09', 113.20),
(1069, 64, '2025-02-10', 132.60),
(1070, 64, '2025-02-11', 125.60),
(1071, 64, '2025-02-12', 116.80),
(1072, 64, '2025-02-14', 122.90),
(1073, 64, '2025-02-15', 110.70),
(1074, 64, '2025-02-16', 115.80),
(1075, 64, '2025-02-17', 109.90),
(1076, 64, '2025-02-18', 117.50),
(1077, 64, '2025-02-19', 111.90),
(1078, 64, '2025-02-21', 134.60),
(1079, 64, '2025-02-22', 107.40),
(1080, 64, '2025-02-23', 128.40),
(1081, 64, '2025-02-24', 122.70),
(1082, 64, '2025-02-25', 108.70),
(1083, 64, '2025-02-26', 127.80),
(1084, 64, '2025-02-28', 215.30),
(1085, 65, '2025-02-01', 139.30),
(1086, 65, '2025-02-02', 163.40),
(1087, 65, '2025-02-05', 154.80),
(1088, 65, '2025-02-06', 135.06),
(1089, 65, '2025-02-07', 145.02),
(1090, 65, '2025-02-08', 143.40),
(1091, 65, '2025-02-09', 167.20),
(1092, 65, '2025-02-12', 147.10),
(1093, 65, '2025-02-13', 130.90),
(1094, 65, '2025-02-14', 137.80),
(1095, 65, '2025-02-15', 130.90),
(1096, 65, '2025-02-16', 169.00),
(1097, 65, '2025-02-19', 134.90),
(1098, 65, '2025-02-20', 171.70),
(1099, 65, '2025-02-21', 166.20),
(1100, 65, '2025-02-22', 153.70),
(1101, 65, '2025-02-23', 152.70),
(1102, 65, '2025-02-26', 128.30),
(1103, 65, '2025-02-27', 141.70),
(1104, 65, '2025-02-28', 186.92),
(1105, 66, '2025-02-02', 112.60),
(1106, 66, '2025-02-03', 135.20),
(1107, 66, '2025-02-04', 139.20),
(1108, 66, '2025-02-05', 132.20),
(1109, 66, '2025-02-06', 108.20),
(1110, 66, '2025-02-07', 122.40),
(1111, 66, '2025-02-09', 122.90),
(1112, 66, '2025-02-10', 119.20),
(1113, 66, '2025-02-11', 123.50),
(1114, 66, '2025-02-12', 142.90),
(1115, 66, '2025-02-13', 128.90),
(1116, 66, '2025-02-14', 133.20),
(1117, 66, '2025-02-16', 138.20),
(1118, 66, '2025-02-17', 133.30),
(1119, 66, '2025-02-18', 119.30),
(1120, 66, '2025-02-19', 118.40),
(1121, 66, '2025-02-20', 121.40),
(1122, 66, '2025-02-21', 133.10),
(1123, 66, '2025-02-23', 130.03),
(1124, 66, '2025-02-24', 113.70),
(1125, 66, '2025-02-25', 130.40),
(1126, 66, '2025-02-26', 125.20),
(1127, 66, '2025-02-27', 132.60),
(1128, 66, '2025-02-28', 83.97),
(1129, 67, '2025-02-01', 129.50),
(1130, 67, '2025-02-03', 139.70),
(1131, 67, '2025-02-04', 148.70),
(1132, 67, '2025-02-05', 131.09),
(1133, 67, '2025-02-06', 139.00),
(1134, 67, '2025-02-08', 157.50),
(1135, 67, '2025-02-10', 148.80),
(1136, 67, '2025-02-11', 152.40),
(1137, 67, '2025-02-12', 133.30),
(1138, 67, '2025-02-13', 131.00),
(1139, 67, '2025-02-15', 133.60),
(1140, 67, '2025-02-17', 131.90),
(1141, 67, '2025-02-18', 166.08),
(1142, 67, '2025-02-19', 159.20),
(1143, 67, '2025-02-20', 155.70),
(1144, 67, '2025-02-22', 154.00),
(1145, 67, '2025-02-24', 152.30),
(1146, 67, '2025-02-25', 140.20),
(1147, 67, '2025-02-26', 142.40),
(1148, 67, '2025-02-27', 253.63),
(1149, 68, '2025-02-01', 107.70),
(1150, 68, '2025-02-02', 112.20),
(1151, 68, '2025-02-03', 134.40),
(1152, 68, '2025-02-04', 125.60),
(1153, 68, '2025-02-05', 131.05),
(1154, 68, '2025-02-06', 128.09),
(1155, 68, '2025-02-08', 130.20),
(1156, 68, '2025-02-09', 140.40),
(1157, 68, '2025-02-10', 113.30),
(1158, 68, '2025-02-11', 123.60),
(1159, 68, '2025-02-12', 125.80),
(1160, 68, '2025-02-13', 121.90),
(1161, 68, '2025-02-15', 140.90),
(1162, 68, '2025-02-16', 129.90),
(1163, 68, '2025-02-17', 112.70),
(1164, 68, '2025-02-18', 139.50),
(1165, 68, '2025-02-19', 142.40),
(1166, 68, '2025-02-20', 107.60),
(1167, 68, '2025-02-22', 122.30),
(1168, 68, '2025-02-23', 124.30),
(1169, 68, '2025-02-24', 113.40),
(1170, 68, '2025-02-25', 125.70),
(1171, 68, '2025-02-26', 126.70),
(1172, 68, '2025-02-27', 120.36),
(1173, 69, '2025-02-01', 147.03),
(1174, 69, '2025-02-02', 138.50),
(1175, 69, '2025-02-03', 134.80),
(1176, 69, '2025-02-05', 137.90),
(1177, 69, '2025-02-07', 140.30),
(1178, 69, '2025-02-08', 128.10),
(1179, 69, '2025-02-09', 158.90),
(1180, 69, '2025-02-10', 168.20),
(1181, 69, '2025-02-12', 159.30),
(1182, 69, '2025-02-14', 166.80),
(1183, 69, '2025-02-15', 133.30),
(1184, 69, '2025-02-16', 133.60),
(1185, 69, '2025-02-17', 138.80),
(1186, 69, '2025-02-19', 150.70),
(1187, 69, '2025-02-21', 146.09),
(1188, 69, '2025-02-22', 151.70),
(1189, 69, '2025-02-23', 150.70),
(1190, 69, '2025-02-24', 161.20),
(1191, 69, '2025-02-26', 137.70),
(1192, 69, '2025-02-28', 216.38),
(1193, 70, '2025-02-01', 110.30),
(1194, 70, '2025-02-02', 128.50),
(1195, 70, '2025-02-04', 121.40),
(1196, 70, '2025-02-05', 142.80),
(1197, 70, '2025-02-06', 138.80),
(1198, 70, '2025-02-07', 130.10),
(1199, 70, '2025-02-08', 143.09),
(1200, 70, '2025-02-09', 114.50),
(1201, 70, '2025-02-11', 135.08),
(1202, 70, '2025-02-12', 125.90),
(1203, 70, '2025-02-13', 116.40),
(1204, 70, '2025-02-14', 112.10),
(1205, 70, '2025-02-15', 113.50),
(1206, 70, '2025-02-16', 131.30),
(1207, 70, '2025-02-18', 131.90),
(1208, 70, '2025-02-19', 125.90),
(1209, 70, '2025-02-20', 135.70),
(1210, 70, '2025-02-21', 115.40),
(1211, 70, '2025-02-22', 123.30),
(1212, 70, '2025-02-23', 130.30),
(1213, 70, '2025-02-25', 117.70),
(1214, 70, '2025-02-26', 143.50),
(1215, 70, '2025-02-27', 115.60),
(1216, 70, '2025-02-28', 96.93),
(1217, 71, '2025-02-01', 162.70),
(1218, 71, '2025-02-02', 198.80),
(1219, 71, '2025-02-03', 191.90),
(1220, 71, '2025-02-05', 166.00),
(1221, 71, '2025-02-08', 162.60),
(1222, 71, '2025-02-09', 194.50),
(1223, 71, '2025-02-10', 163.70),
(1224, 71, '2025-02-12', 160.09),
(1225, 71, '2025-02-15', 175.09),
(1226, 71, '2025-02-16', 207.70),
(1227, 71, '2025-02-17', 198.06),
(1228, 71, '2025-02-19', 174.90),
(1229, 71, '2025-02-22', 165.02),
(1230, 71, '2025-02-23', 162.20),
(1231, 71, '2025-02-24', 197.60),
(1232, 71, '2025-02-26', 319.14),
(1233, 72, '2025-02-02', 158.50),
(1234, 72, '2025-02-03', 137.40),
(1235, 72, '2025-02-04', 147.50),
(1236, 72, '2025-02-06', 156.70),
(1237, 72, '2025-02-07', 160.00),
(1238, 72, '2025-02-09', 148.90),
(1239, 72, '2025-02-10', 149.10),
(1240, 72, '2025-02-11', 169.80),
(1241, 72, '2025-02-13', 169.40),
(1242, 72, '2025-02-14', 157.20),
(1243, 72, '2025-02-16', 158.40),
(1244, 72, '2025-02-17', 161.60),
(1245, 72, '2025-02-18', 137.40),
(1246, 72, '2025-02-20', 137.50),
(1247, 72, '2025-02-21', 151.40),
(1248, 72, '2025-02-23', 162.20),
(1249, 72, '2025-02-24', 140.70),
(1250, 72, '2025-02-25', 170.80),
(1251, 72, '2025-02-27', 164.70),
(1252, 72, '2025-02-28', 60.80),
(1253, 73, '2025-02-02', 253.90),
(1254, 73, '2025-02-03', 261.50),
(1255, 73, '2025-02-05', 221.08),
(1256, 73, '2025-02-09', 218.60),
(1257, 73, '2025-02-10', 257.30),
(1258, 73, '2025-02-12', 236.10),
(1259, 73, '2025-02-16', 245.20),
(1260, 73, '2025-02-17', 243.50),
(1261, 73, '2025-02-19', 286.60),
(1262, 73, '2025-02-23', 250.90),
(1263, 73, '2025-02-24', 267.30),
(1264, 73, '2025-02-26', 258.02),
(1265, 74, '2025-02-01', 159.60),
(1266, 74, '2025-02-03', 138.40),
(1267, 74, '2025-02-04', 151.50),
(1268, 74, '2025-02-05', 163.50),
(1269, 74, '2025-02-06', 159.40),
(1270, 74, '2025-02-08', 161.30),
(1271, 74, '2025-02-10', 142.90),
(1272, 74, '2025-02-11', 155.80),
(1273, 74, '2025-02-12', 145.10),
(1274, 74, '2025-02-13', 166.10),
(1275, 74, '2025-02-15', 127.60),
(1276, 74, '2025-02-17', 156.60),
(1277, 74, '2025-02-18', 152.70),
(1278, 74, '2025-02-19', 139.20),
(1279, 74, '2025-02-20', 148.60),
(1280, 74, '2025-02-22', 133.05),
(1281, 74, '2025-02-24', 161.07),
(1282, 74, '2025-02-25', 154.90),
(1283, 74, '2025-02-26', 138.30),
(1284, 74, '2025-02-27', 144.38),
(1285, 75, '2025-02-02', 136.60),
(1286, 75, '2025-02-03', 132.20),
(1287, 75, '2025-02-04', 140.40),
(1288, 75, '2025-02-06', 167.20),
(1289, 75, '2025-02-07', 151.80),
(1290, 75, '2025-02-09', 150.80),
(1291, 75, '2025-02-10', 162.70),
(1292, 75, '2025-02-11', 129.02),
(1293, 75, '2025-02-13', 147.00),
(1294, 75, '2025-02-14', 133.30),
(1295, 75, '2025-02-16', 128.30),
(1296, 75, '2025-02-17', 156.30),
(1297, 75, '2025-02-18', 137.80),
(1298, 75, '2025-02-20', 161.01),
(1299, 75, '2025-02-21', 153.40),
(1300, 75, '2025-02-23', 128.00),
(1301, 75, '2025-02-24', 138.60),
(1302, 75, '2025-02-25', 164.30),
(1303, 75, '2025-02-27', 133.20),
(1304, 75, '2025-02-28', 248.07),
(1305, 76, '2025-02-01', 117.50),
(1306, 76, '2025-02-02', 136.08),
(1307, 76, '2025-02-03', 111.70),
(1308, 76, '2025-02-05', 113.30),
(1309, 76, '2025-02-06', 127.20),
(1310, 76, '2025-02-07', 107.90),
(1311, 76, '2025-02-08', 114.70),
(1312, 76, '2025-02-09', 129.30),
(1313, 76, '2025-02-10', 120.30),
(1314, 76, '2025-02-12', 112.10),
(1315, 76, '2025-02-13', 115.20),
(1316, 76, '2025-02-14', 106.70),
(1317, 76, '2025-02-15', 130.10),
(1318, 76, '2025-02-16', 122.30),
(1319, 76, '2025-02-17', 138.40),
(1320, 76, '2025-02-19', 122.50),
(1321, 76, '2025-02-20', 130.50),
(1322, 76, '2025-02-21', 107.90),
(1323, 76, '2025-02-22', 126.50),
(1324, 76, '2025-02-23', 138.01),
(1325, 76, '2025-02-24', 139.10),
(1326, 76, '2025-02-26', 136.80),
(1327, 76, '2025-02-27', 136.03),
(1328, 76, '2025-02-28', 159.88),
(1329, 77, '2025-02-04', 227.50),
(1330, 77, '2025-02-05', 280.50),
(1331, 77, '2025-02-06', 230.00),
(1332, 77, '2025-02-11', 238.20),
(1333, 77, '2025-02-12', 224.00),
(1334, 77, '2025-02-13', 257.30),
(1335, 77, '2025-02-18', 230.50),
(1336, 77, '2025-02-19', 271.50),
(1337, 77, '2025-02-20', 246.90),
(1338, 77, '2025-02-25', 261.50),
(1339, 77, '2025-02-26', 241.90),
(1340, 77, '2025-02-27', 290.20),
(1341, 78, '2025-02-01', 171.20),
(1342, 78, '2025-02-02', 146.90),
(1343, 78, '2025-02-03', 133.60),
(1344, 78, '2025-02-04', 138.40),
(1345, 78, '2025-02-05', 146.90),
(1346, 78, '2025-02-08', 146.20),
(1347, 78, '2025-02-09', 161.60),
(1348, 78, '2025-02-10', 129.50),
(1349, 78, '2025-02-11', 161.20),
(1350, 78, '2025-02-12', 145.07),
(1351, 78, '2025-02-15', 170.60),
(1352, 78, '2025-02-16', 161.60),
(1353, 78, '2025-02-17', 154.80),
(1354, 78, '2025-02-18', 128.60),
(1355, 78, '2025-02-19', 129.60),
(1356, 78, '2025-02-22', 163.30),
(1357, 78, '2025-02-23', 139.80),
(1358, 78, '2025-02-24', 161.40),
(1359, 78, '2025-02-25', 129.40),
(1360, 78, '2025-02-26', 180.33),
(1361, 79, '2025-02-01', 217.10),
(1362, 79, '2025-02-02', 255.80),
(1363, 79, '2025-02-07', 227.30),
(1364, 79, '2025-02-08', 217.30),
(1365, 79, '2025-02-09', 264.70),
(1366, 79, '2025-02-14', 237.50),
(1367, 79, '2025-02-15', 275.80),
(1368, 79, '2025-02-16', 242.00),
(1369, 79, '2025-02-21', 254.10),
(1370, 79, '2025-02-22', 267.03),
(1371, 79, '2025-02-23', 217.05),
(1372, 79, '2025-02-28', 324.32),
(1373, 80, '2025-02-01', 138.70),
(1374, 80, '2025-02-02', 118.40),
(1375, 80, '2025-02-04', 142.60),
(1376, 80, '2025-02-05', 110.90),
(1377, 80, '2025-02-06', 130.09),
(1378, 80, '2025-02-07', 135.90),
(1379, 80, '2025-02-08', 138.70),
(1380, 80, '2025-02-09', 126.60),
(1381, 80, '2025-02-11', 108.70),
(1382, 80, '2025-02-12', 133.40),
(1383, 80, '2025-02-13', 120.40),
(1384, 80, '2025-02-14', 109.50),
(1385, 80, '2025-02-15', 134.70),
(1386, 80, '2025-02-16', 109.40),
(1387, 80, '2025-02-18', 134.90),
(1388, 80, '2025-02-19', 132.30),
(1389, 80, '2025-02-20', 111.30),
(1390, 80, '2025-02-21', 121.09),
(1391, 80, '2025-02-22', 118.04),
(1392, 80, '2025-02-23', 115.10),
(1393, 80, '2025-02-25', 129.70),
(1394, 80, '2025-02-26', 132.60),
(1395, 80, '2025-02-27', 117.04),
(1396, 80, '2025-02-28', 129.94),
(1397, 81, '2025-02-01', 114.90),
(1398, 81, '2025-02-02', 113.80),
(1399, 81, '2025-02-03', 130.06),
(1400, 81, '2025-02-05', 134.00),
(1401, 81, '2025-02-06', 121.80),
(1402, 81, '2025-02-07', 140.70),
(1403, 81, '2025-02-08', 137.80),
(1404, 81, '2025-02-09', 121.20),
(1405, 81, '2025-02-10', 127.80),
(1406, 81, '2025-02-12', 141.30),
(1407, 81, '2025-02-13', 116.20),
(1408, 81, '2025-02-14', 122.01),
(1409, 81, '2025-02-15', 141.00),
(1410, 81, '2025-02-16', 106.30),
(1411, 81, '2025-02-17', 138.20),
(1412, 81, '2025-02-19', 142.40),
(1413, 81, '2025-02-20', 111.40),
(1414, 81, '2025-02-21', 133.40),
(1415, 81, '2025-02-22', 142.30),
(1416, 81, '2025-02-23', 114.20),
(1417, 81, '2025-02-24', 127.50),
(1418, 81, '2025-02-26', 123.80),
(1419, 81, '2025-02-27', 121.30),
(1420, 81, '2025-02-28', 76.63),
(1421, 82, '2025-02-01', 158.70),
(1422, 82, '2025-02-02', 171.40),
(1423, 82, '2025-02-03', 140.00),
(1424, 82, '2025-02-04', 137.03),
(1425, 82, '2025-02-05', 141.30),
(1426, 82, '2025-02-08', 134.60),
(1427, 82, '2025-02-09', 145.70),
(1428, 82, '2025-02-10', 148.40),
(1429, 82, '2025-02-11', 130.90),
(1430, 82, '2025-02-12', 170.70),
(1431, 82, '2025-02-15', 161.60),
(1432, 82, '2025-02-16', 156.50),
(1433, 82, '2025-02-17', 168.30),
(1434, 82, '2025-02-18', 170.80),
(1435, 82, '2025-02-19', 137.40),
(1436, 82, '2025-02-22', 160.60),
(1437, 82, '2025-02-23', 145.00),
(1438, 82, '2025-02-24', 149.90),
(1439, 82, '2025-02-25', 141.50),
(1440, 82, '2025-02-26', 129.67),
(1441, 83, '2025-02-03', 233.00),
(1442, 83, '2025-02-05', 232.60),
(1443, 83, '2025-02-07', 280.30),
(1444, 83, '2025-02-10', 287.05),
(1445, 83, '2025-02-12', 262.20),
(1446, 83, '2025-02-14', 242.40),
(1447, 83, '2025-02-17', 232.70),
(1448, 83, '2025-02-19', 221.30),
(1449, 83, '2025-02-21', 277.60),
(1450, 83, '2025-02-24', 222.30),
(1451, 83, '2025-02-26', 228.20),
(1452, 83, '2025-02-28', 280.35),
(1453, 84, '2025-02-01', 151.90),
(1454, 84, '2025-02-03', 152.20),
(1455, 84, '2025-02-05', 168.80),
(1456, 84, '2025-02-06', 161.60),
(1457, 84, '2025-02-07', 142.08),
(1458, 84, '2025-02-08', 170.50),
(1459, 84, '2025-02-10', 128.30),
(1460, 84, '2025-02-12', 162.30),
(1461, 84, '2025-02-13', 148.60),
(1462, 84, '2025-02-14', 156.50),
(1463, 84, '2025-02-15', 164.60),
(1464, 84, '2025-02-17', 146.80),
(1465, 84, '2025-02-19', 136.07),
(1466, 84, '2025-02-20', 166.70),
(1467, 84, '2025-02-21', 161.60),
(1468, 84, '2025-02-22', 163.60),
(1469, 84, '2025-02-24', 137.50),
(1470, 84, '2025-02-26', 165.40),
(1471, 84, '2025-02-27', 156.50),
(1472, 84, '2025-02-28', 58.45),
(1473, 85, '2025-02-02', 251.00),
(1474, 85, '2025-02-06', 229.05),
(1475, 85, '2025-02-07', 227.90),
(1476, 85, '2025-02-09', 246.80),
(1477, 85, '2025-02-13', 228.60),
(1478, 85, '2025-02-14', 239.20),
(1479, 85, '2025-02-16', 262.70),
(1480, 85, '2025-02-20', 230.70),
(1481, 85, '2025-02-21', 282.30),
(1482, 85, '2025-02-23', 277.70),
(1483, 85, '2025-02-27', 282.90),
(1484, 85, '2025-02-28', 241.15),
(1485, 86, '2025-02-02', 153.30),
(1486, 86, '2025-02-03', 162.60),
(1487, 86, '2025-02-04', 142.60),
(1488, 86, '2025-02-05', 171.40),
(1489, 86, '2025-02-06', 170.80),
(1490, 86, '2025-02-09', 129.80),
(1491, 86, '2025-02-10', 167.40),
(1492, 86, '2025-02-11', 130.70),
(1493, 86, '2025-02-12', 159.60),
(1494, 86, '2025-02-13', 149.90),
(1495, 86, '2025-02-16', 131.50),
(1496, 86, '2025-02-17', 158.20),
(1497, 86, '2025-02-18', 169.70),
(1498, 86, '2025-02-19', 149.30),
(1499, 86, '2025-02-20', 151.50),
(1500, 86, '2025-02-23', 156.70),
(1501, 86, '2025-02-24', 152.30),
(1502, 86, '2025-02-25', 155.80),
(1503, 86, '2025-02-26', 149.80),
(1504, 86, '2025-02-27', 87.10),
(1505, 87, '2025-02-03', 270.50),
(1506, 87, '2025-02-05', 241.30),
(1507, 87, '2025-02-07', 266.00),
(1508, 87, '2025-02-10', 219.60),
(1509, 87, '2025-02-12', 223.50),
(1510, 87, '2025-02-14', 219.20),
(1511, 87, '2025-02-17', 242.20),
(1512, 87, '2025-02-19', 226.40),
(1513, 87, '2025-02-21', 280.40),
(1514, 87, '2025-02-24', 253.70),
(1515, 87, '2025-02-26', 226.70),
(1516, 87, '2025-02-28', 330.50),
(1517, 88, '2025-02-02', 172.50),
(1518, 88, '2025-02-03', 167.04),
(1519, 88, '2025-02-05', 176.60),
(1520, 88, '2025-02-06', 188.30),
(1521, 88, '2025-02-09', 192.70),
(1522, 88, '2025-02-10', 169.40),
(1523, 88, '2025-02-12', 182.40),
(1524, 88, '2025-02-13', 167.90),
(1525, 88, '2025-02-16', 203.20),
(1526, 88, '2025-02-17', 161.00),
(1527, 88, '2025-02-19', 212.90),
(1528, 88, '2025-02-20', 204.40),
(1529, 88, '2025-02-23', 183.70),
(1530, 88, '2025-02-24', 180.80),
(1531, 88, '2025-02-26', 199.30),
(1532, 88, '2025-02-27', 237.86),
(1533, 89, '2025-02-01', 208.60),
(1534, 89, '2025-02-02', 211.90),
(1535, 89, '2025-02-03', 168.20),
(1536, 89, '2025-02-04', 161.10),
(1537, 89, '2025-02-08', 215.10),
(1538, 89, '2025-02-09', 198.00),
(1539, 89, '2025-02-10', 204.10),
(1540, 89, '2025-02-11', 191.40),
(1541, 89, '2025-02-15', 196.03),
(1542, 89, '2025-02-16', 166.70),
(1543, 89, '2025-02-17', 203.60),
(1544, 89, '2025-02-18', 185.00),
(1545, 89, '2025-02-22', 204.50),
(1546, 89, '2025-02-23', 193.90),
(1547, 89, '2025-02-24', 195.20),
(1548, 89, '2025-02-25', 96.67),
(1549, 90, '2025-02-04', 183.70),
(1550, 90, '2025-02-05', 178.90),
(1551, 90, '2025-02-06', 200.30),
(1552, 90, '2025-02-07', 212.90),
(1553, 90, '2025-02-11', 201.00),
(1554, 90, '2025-02-12', 187.00),
(1555, 90, '2025-02-13', 163.90),
(1556, 90, '2025-02-14', 201.20),
(1557, 90, '2025-02-18', 190.80),
(1558, 90, '2025-02-19', 199.70),
(1559, 90, '2025-02-20', 176.70),
(1560, 90, '2025-02-21', 201.08),
(1561, 90, '2025-02-25', 210.80),
(1562, 90, '2025-02-26', 166.40),
(1563, 90, '2025-02-27', 186.60),
(1564, 90, '2025-02-28', 139.02),
(1565, 91, '2025-02-02', 242.00),
(1566, 91, '2025-02-05', 254.30),
(1567, 91, '2025-02-06', 233.90),
(1568, 91, '2025-02-09', 285.70),
(1569, 91, '2025-02-12', 224.20),
(1570, 91, '2025-02-13', 265.00),
(1571, 91, '2025-02-16', 240.40),
(1572, 91, '2025-02-19', 253.70),
(1573, 91, '2025-02-20', 268.40),
(1574, 91, '2025-02-23', 240.60),
(1575, 91, '2025-02-26', 268.60),
(1576, 91, '2025-02-27', 223.20),
(1577, 92, '2025-02-01', 168.80),
(1578, 92, '2025-02-03', 179.60),
(1579, 92, '2025-02-05', 168.50),
(1580, 92, '2025-02-07', 212.10),
(1581, 92, '2025-02-08', 200.40),
(1582, 92, '2025-02-10', 169.60),
(1583, 92, '2025-02-12', 212.60),
(1584, 92, '2025-02-14', 186.80),
(1585, 92, '2025-02-15', 179.50),
(1586, 92, '2025-02-17', 197.50),
(1587, 92, '2025-02-19', 162.50),
(1588, 92, '2025-02-21', 160.70),
(1589, 92, '2025-02-22', 209.50),
(1590, 92, '2025-02-24', 183.90),
(1591, 92, '2025-02-26', 179.60),
(1592, 92, '2025-02-28', 228.40),
(1593, 93, '2025-02-02', 149.10),
(1594, 93, '2025-02-03', 171.50),
(1595, 93, '2025-02-05', 130.70),
(1596, 93, '2025-02-06', 147.10),
(1597, 93, '2025-02-07', 147.90),
(1598, 93, '2025-02-09', 151.04),
(1599, 93, '2025-02-10', 150.70);
INSERT INTO `incassi_taxi` (`id`, `tassista_id`, `data_incasso`, `valore_incasso`) VALUES
(1600, 93, '2025-02-12', 154.90),
(1601, 93, '2025-02-13', 159.20),
(1602, 93, '2025-02-14', 151.60),
(1603, 93, '2025-02-16', 133.80),
(1604, 93, '2025-02-17', 141.20),
(1605, 93, '2025-02-19', 134.30),
(1606, 93, '2025-02-20', 143.90),
(1607, 93, '2025-02-21', 149.10),
(1608, 93, '2025-02-23', 166.60),
(1609, 93, '2025-02-24', 152.40),
(1610, 93, '2025-02-26', 145.30),
(1611, 93, '2025-02-27', 138.60),
(1612, 93, '2025-02-28', 181.06),
(1613, 94, '2025-02-02', 160.40),
(1614, 94, '2025-02-04', 134.00),
(1615, 94, '2025-02-05', 149.07),
(1616, 94, '2025-02-06', 127.70),
(1617, 94, '2025-02-07', 134.03),
(1618, 94, '2025-02-09', 153.80),
(1619, 94, '2025-02-11', 139.40),
(1620, 94, '2025-02-12', 161.50),
(1621, 94, '2025-02-13', 156.30),
(1622, 94, '2025-02-14', 159.50),
(1623, 94, '2025-02-16', 132.20),
(1624, 94, '2025-02-18', 146.70),
(1625, 94, '2025-02-19', 157.00),
(1626, 94, '2025-02-20', 145.20),
(1627, 94, '2025-02-21', 162.05),
(1628, 94, '2025-02-23', 136.30),
(1629, 94, '2025-02-25', 137.20),
(1630, 94, '2025-02-26', 141.90),
(1631, 94, '2025-02-27', 161.20),
(1632, 94, '2025-02-28', 204.55),
(1633, 95, '2025-02-01', 229.90),
(1634, 95, '2025-02-02', 225.00),
(1635, 95, '2025-02-07', 263.20),
(1636, 95, '2025-02-08', 233.30),
(1637, 95, '2025-02-09', 247.50),
(1638, 95, '2025-02-14', 226.40),
(1639, 95, '2025-02-15', 271.80),
(1640, 95, '2025-02-16', 249.03),
(1641, 95, '2025-02-21', 232.30),
(1642, 95, '2025-02-22', 276.90),
(1643, 95, '2025-02-23', 262.90),
(1644, 95, '2025-02-28', 281.77),
(1645, 96, '2025-02-01', 140.80),
(1646, 96, '2025-02-02', 113.20),
(1647, 96, '2025-02-03', 117.50),
(1648, 96, '2025-02-04', 136.06),
(1649, 96, '2025-02-05', 115.60),
(1650, 96, '2025-02-07', 115.40),
(1651, 96, '2025-02-08', 135.08),
(1652, 96, '2025-02-09', 115.00),
(1653, 96, '2025-02-10', 142.60),
(1654, 96, '2025-02-11', 130.20),
(1655, 96, '2025-02-12', 132.60),
(1656, 96, '2025-02-14', 122.20),
(1657, 96, '2025-02-15', 127.90),
(1658, 96, '2025-02-16', 143.40),
(1659, 96, '2025-02-17', 112.70),
(1660, 96, '2025-02-18', 136.10),
(1661, 96, '2025-02-19', 130.70),
(1662, 96, '2025-02-21', 115.40),
(1663, 96, '2025-02-22', 112.70),
(1664, 96, '2025-02-23', 112.70),
(1665, 96, '2025-02-24', 132.50),
(1666, 96, '2025-02-25', 135.40),
(1667, 96, '2025-02-26', 131.50),
(1668, 96, '2025-02-28', 92.76),
(1669, 97, '2025-02-02', 128.00),
(1670, 97, '2025-02-03', 129.60),
(1671, 97, '2025-02-04', 148.70),
(1672, 97, '2025-02-05', 140.01),
(1673, 97, '2025-02-06', 145.40),
(1674, 97, '2025-02-09', 153.20),
(1675, 97, '2025-02-10', 150.30),
(1676, 97, '2025-02-11', 170.90),
(1677, 97, '2025-02-12', 171.09),
(1678, 97, '2025-02-13', 132.80),
(1679, 97, '2025-02-16', 133.50),
(1680, 97, '2025-02-17', 137.70),
(1681, 97, '2025-02-18', 160.30),
(1682, 97, '2025-02-19', 130.60),
(1683, 97, '2025-02-20', 141.70),
(1684, 97, '2025-02-23', 153.30),
(1685, 97, '2025-02-24', 166.10),
(1686, 97, '2025-02-25', 137.60),
(1687, 97, '2025-02-26', 144.06),
(1688, 97, '2025-02-27', 225.14),
(1689, 98, '2025-02-01', 123.70),
(1690, 98, '2025-02-02', 140.70),
(1691, 98, '2025-02-03', 138.50),
(1692, 98, '2025-02-04', 118.20),
(1693, 98, '2025-02-05', 133.00),
(1694, 98, '2025-02-07', 142.70),
(1695, 98, '2025-02-08', 136.70),
(1696, 98, '2025-02-09', 117.70),
(1697, 98, '2025-02-10', 142.40),
(1698, 98, '2025-02-11', 130.10),
(1699, 98, '2025-02-12', 135.90),
(1700, 98, '2025-02-14', 130.00),
(1701, 98, '2025-02-15', 127.00),
(1702, 98, '2025-02-16', 140.30),
(1703, 98, '2025-02-17', 122.60),
(1704, 98, '2025-02-18', 140.20),
(1705, 98, '2025-02-19', 135.70),
(1706, 98, '2025-02-21', 123.90),
(1707, 98, '2025-02-22', 136.40),
(1708, 98, '2025-02-23', 128.01),
(1709, 98, '2025-02-24', 127.20),
(1710, 98, '2025-02-25', 139.04),
(1711, 98, '2025-02-26', 117.30),
(1712, 98, '2025-02-28', -27.25),
(1713, 99, '2025-02-05', 259.50),
(1714, 99, '2025-02-06', 268.20),
(1715, 99, '2025-02-07', 243.90),
(1716, 99, '2025-02-12', 258.50),
(1717, 99, '2025-02-13', 235.70),
(1718, 99, '2025-02-14', 268.20),
(1719, 99, '2025-02-19', 222.70),
(1720, 99, '2025-02-20', 268.03),
(1721, 99, '2025-02-21', 235.30),
(1722, 99, '2025-02-26', 269.20),
(1723, 99, '2025-02-27', 284.50),
(1724, 99, '2025-02-28', 186.27),
(1725, 100, '2025-02-02', 266.70),
(1726, 100, '2025-02-04', 215.70),
(1727, 100, '2025-02-05', 270.00),
(1728, 100, '2025-02-09', 260.60),
(1729, 100, '2025-02-11', 268.30),
(1730, 100, '2025-02-12', 273.90),
(1731, 100, '2025-02-16', 276.00),
(1732, 100, '2025-02-18', 268.20),
(1733, 100, '2025-02-19', 254.00),
(1734, 100, '2025-02-23', 244.50),
(1735, 100, '2025-02-25', 252.50),
(1736, 100, '2025-02-26', 149.60),
(1737, 1, '2025-03-01', 156.70),
(1738, 1, '2025-03-02', 177.40),
(1739, 1, '2025-03-04', 172.08),
(1740, 1, '2025-03-05', 155.90),
(1741, 1, '2025-03-08', 179.40),
(1742, 1, '2025-03-09', 187.30),
(1743, 1, '2025-03-11', 182.40),
(1744, 1, '2025-03-12', 162.10),
(1745, 1, '2025-03-15', 142.05),
(1746, 1, '2025-03-16', 166.80),
(1747, 1, '2025-03-18', 162.20),
(1748, 1, '2025-03-19', 161.60),
(1749, 1, '2025-03-22', 156.20),
(1750, 1, '2025-03-23', 146.30),
(1751, 1, '2025-03-25', 191.60),
(1752, 1, '2025-03-26', 154.20),
(1753, 1, '2025-03-29', 189.50),
(1754, 1, '2025-03-30', 156.27),
(1755, 2, '2025-03-04', 276.90),
(1756, 2, '2025-03-05', 254.60),
(1757, 2, '2025-03-06', 257.70),
(1758, 2, '2025-03-11', 263.30),
(1759, 2, '2025-03-12', 220.50),
(1760, 2, '2025-03-13', 242.10),
(1761, 2, '2025-03-18', 221.00),
(1762, 2, '2025-03-19', 215.50),
(1763, 2, '2025-03-20', 265.30),
(1764, 2, '2025-03-25', 282.80),
(1765, 2, '2025-03-26', 270.30),
(1766, 2, '2025-03-27', 230.00),
(1767, 3, '2025-03-01', 153.10),
(1768, 3, '2025-03-03', 121.04),
(1769, 3, '2025-03-04', 129.90),
(1770, 3, '2025-03-06', 127.80),
(1771, 3, '2025-03-07', 153.70),
(1772, 3, '2025-03-08', 152.00),
(1773, 3, '2025-03-10', 130.02),
(1774, 3, '2025-03-11', 138.70),
(1775, 3, '2025-03-13', 138.80),
(1776, 3, '2025-03-14', 125.20),
(1777, 3, '2025-03-15', 138.30),
(1778, 3, '2025-03-17', 151.60),
(1779, 3, '2025-03-18', 122.03),
(1780, 3, '2025-03-20', 129.50),
(1781, 3, '2025-03-21', 152.10),
(1782, 3, '2025-03-22', 117.30),
(1783, 3, '2025-03-24', 143.50),
(1784, 3, '2025-03-25', 116.50),
(1785, 3, '2025-03-27', 129.20),
(1786, 3, '2025-03-28', 136.80),
(1787, 3, '2025-03-29', 117.03),
(1788, 3, '2025-03-31', 175.88),
(1789, 4, '2025-03-02', 195.50),
(1790, 4, '2025-03-04', 186.60),
(1791, 4, '2025-03-05', 152.20),
(1792, 4, '2025-03-06', 197.10),
(1793, 4, '2025-03-09', 155.20),
(1794, 4, '2025-03-11', 199.80),
(1795, 4, '2025-03-12', 154.01),
(1796, 4, '2025-03-13', 172.10),
(1797, 4, '2025-03-16', 180.70),
(1798, 4, '2025-03-18', 172.40),
(1799, 4, '2025-03-19', 186.60),
(1800, 4, '2025-03-20', 162.70),
(1801, 4, '2025-03-23', 197.60),
(1802, 4, '2025-03-25', 164.80),
(1803, 4, '2025-03-26', 200.06),
(1804, 4, '2025-03-27', 188.60),
(1805, 4, '2025-03-30', 134.03),
(1806, 5, '2025-03-02', 197.70),
(1807, 5, '2025-03-03', 229.70),
(1808, 5, '2025-03-04', 240.30),
(1809, 5, '2025-03-09', 226.90),
(1810, 5, '2025-03-10', 198.30),
(1811, 5, '2025-03-11', 210.50),
(1812, 5, '2025-03-16', 242.06),
(1813, 5, '2025-03-17', 192.40),
(1814, 5, '2025-03-18', 240.30),
(1815, 5, '2025-03-23', 222.20),
(1816, 5, '2025-03-24', 210.04),
(1817, 5, '2025-03-25', 201.50),
(1818, 5, '2025-03-30', 216.90),
(1819, 5, '2025-03-31', 171.20),
(1820, 6, '2025-03-02', 189.50),
(1821, 6, '2025-03-03', 184.40),
(1822, 6, '2025-03-06', 219.80),
(1823, 6, '2025-03-09', 192.80),
(1824, 6, '2025-03-10', 188.40),
(1825, 6, '2025-03-13', 229.50),
(1826, 6, '2025-03-16', 189.20),
(1827, 6, '2025-03-17', 202.50),
(1828, 6, '2025-03-20', 220.80),
(1829, 6, '2025-03-23', 223.20),
(1830, 6, '2025-03-24', 192.50),
(1831, 6, '2025-03-27', 201.50),
(1832, 6, '2025-03-30', 211.40),
(1833, 6, '2025-03-31', 354.50),
(1834, 7, '2025-03-01', 136.01),
(1835, 7, '2025-03-04', 154.80),
(1836, 7, '2025-03-05', 146.90),
(1837, 7, '2025-03-06', 143.10),
(1838, 7, '2025-03-07', 123.70),
(1839, 7, '2025-03-08', 137.30),
(1840, 7, '2025-03-11', 148.40),
(1841, 7, '2025-03-12', 127.20),
(1842, 7, '2025-03-13', 132.80),
(1843, 7, '2025-03-14', 145.60),
(1844, 7, '2025-03-15', 133.04),
(1845, 7, '2025-03-18', 124.70),
(1846, 7, '2025-03-19', 129.80),
(1847, 7, '2025-03-20', 138.40),
(1848, 7, '2025-03-21', 158.50),
(1849, 7, '2025-03-22', 122.60),
(1850, 7, '2025-03-25', 123.40),
(1851, 7, '2025-03-26', 127.01),
(1852, 7, '2025-03-27', 128.80),
(1853, 7, '2025-03-28', 153.80),
(1854, 7, '2025-03-29', 264.14),
(1855, 8, '2025-03-01', 147.70),
(1856, 8, '2025-03-02', 157.04),
(1857, 8, '2025-03-03', 175.40),
(1858, 8, '2025-03-05', 177.09),
(1859, 8, '2025-03-08', 177.80),
(1860, 8, '2025-03-09', 176.00),
(1861, 8, '2025-03-10', 176.02),
(1862, 8, '2025-03-12', 156.90),
(1863, 8, '2025-03-15', 165.40),
(1864, 8, '2025-03-16', 173.80),
(1865, 8, '2025-03-17', 140.50),
(1866, 8, '2025-03-19', 162.90),
(1867, 8, '2025-03-22', 144.30),
(1868, 8, '2025-03-23', 152.80),
(1869, 8, '2025-03-24', 141.40),
(1870, 8, '2025-03-26', 145.40),
(1871, 8, '2025-03-29', 139.06),
(1872, 8, '2025-03-30', 178.30),
(1873, 8, '2025-03-31', 112.19),
(1874, 9, '2025-03-01', 245.80),
(1875, 9, '2025-03-03', 189.80),
(1876, 9, '2025-03-06', 215.40),
(1877, 9, '2025-03-08', 228.90),
(1878, 9, '2025-03-10', 221.60),
(1879, 9, '2025-03-13', 211.07),
(1880, 9, '2025-03-15', 205.01),
(1881, 9, '2025-03-17', 203.30),
(1882, 9, '2025-03-20', 205.60),
(1883, 9, '2025-03-22', 239.40),
(1884, 9, '2025-03-24', 208.20),
(1885, 9, '2025-03-27', 239.30),
(1886, 9, '2025-03-29', 182.50),
(1887, 9, '2025-03-31', 204.12),
(1888, 10, '2025-03-03', 200.30),
(1889, 10, '2025-03-04', 163.80),
(1890, 10, '2025-03-05', 181.90),
(1891, 10, '2025-03-06', 195.80),
(1892, 10, '2025-03-10', 183.90),
(1893, 10, '2025-03-11', 169.20),
(1894, 10, '2025-03-12', 196.20),
(1895, 10, '2025-03-13', 156.00),
(1896, 10, '2025-03-17', 192.30),
(1897, 10, '2025-03-18', 189.20),
(1898, 10, '2025-03-19', 187.90),
(1899, 10, '2025-03-20', 191.80),
(1900, 10, '2025-03-24', 180.80),
(1901, 10, '2025-03-25', 200.10),
(1902, 10, '2025-03-26', 153.00),
(1903, 10, '2025-03-27', 162.40),
(1904, 10, '2025-03-31', 95.40),
(1905, 11, '2025-03-01', 130.60),
(1906, 11, '2025-03-02', 134.30),
(1907, 11, '2025-03-03', 131.20),
(1908, 11, '2025-03-05', 145.90),
(1909, 11, '2025-03-06', 129.50),
(1910, 11, '2025-03-08', 115.40),
(1911, 11, '2025-03-09', 141.10),
(1912, 11, '2025-03-10', 136.70),
(1913, 11, '2025-03-12', 143.90),
(1914, 11, '2025-03-13', 118.50),
(1915, 11, '2025-03-15', 136.50),
(1916, 11, '2025-03-16', 149.70),
(1917, 11, '2025-03-17', 149.90),
(1918, 11, '2025-03-19', 119.30),
(1919, 11, '2025-03-20', 123.80),
(1920, 11, '2025-03-22', 117.60),
(1921, 11, '2025-03-23', 141.70),
(1922, 11, '2025-03-24', 116.03),
(1923, 11, '2025-03-26', 134.50),
(1924, 11, '2025-03-27', 144.10),
(1925, 11, '2025-03-29', 125.60),
(1926, 11, '2025-03-30', 115.10),
(1927, 11, '2025-03-31', 99.07),
(1928, 12, '2025-03-02', 156.80),
(1929, 12, '2025-03-03', 191.50),
(1930, 12, '2025-03-06', 173.10),
(1931, 12, '2025-03-07', 166.30),
(1932, 12, '2025-03-09', 191.08),
(1933, 12, '2025-03-10', 164.20),
(1934, 12, '2025-03-13', 185.20),
(1935, 12, '2025-03-14', 180.50),
(1936, 12, '2025-03-16', 176.30),
(1937, 12, '2025-03-17', 172.40),
(1938, 12, '2025-03-20', 178.80),
(1939, 12, '2025-03-21', 151.20),
(1940, 12, '2025-03-23', 190.50),
(1941, 12, '2025-03-24', 144.80),
(1942, 12, '2025-03-27', 151.50),
(1943, 12, '2025-03-28', 142.07),
(1944, 12, '2025-03-30', 160.80),
(1945, 12, '2025-03-31', 122.95),
(1946, 13, '2025-03-01', 105.30),
(1947, 13, '2025-03-02', 101.00),
(1948, 13, '2025-03-04', 124.60),
(1949, 13, '2025-03-05', 104.60),
(1950, 13, '2025-03-06', 126.20),
(1951, 13, '2025-03-07', 123.20),
(1952, 13, '2025-03-08', 109.80),
(1953, 13, '2025-03-09', 114.90),
(1954, 13, '2025-03-11', 130.00),
(1955, 13, '2025-03-12', 130.70),
(1956, 13, '2025-03-13', 100.00),
(1957, 13, '2025-03-14', 111.80),
(1958, 13, '2025-03-15', 117.70),
(1959, 13, '2025-03-16', 120.40),
(1960, 13, '2025-03-18', 126.90),
(1961, 13, '2025-03-19', 105.50),
(1962, 13, '2025-03-20', 102.90),
(1963, 13, '2025-03-21', 116.00),
(1964, 13, '2025-03-22', 104.20),
(1965, 13, '2025-03-23', 101.80),
(1966, 13, '2025-03-25', 101.60),
(1967, 13, '2025-03-26', 101.90),
(1968, 13, '2025-03-27', 99.20),
(1969, 13, '2025-03-28', 102.70),
(1970, 13, '2025-03-29', 117.80),
(1971, 13, '2025-03-30', 199.30),
(1972, 14, '2025-03-01', 182.30),
(1973, 14, '2025-03-03', 191.30),
(1974, 14, '2025-03-04', 188.20),
(1975, 14, '2025-03-05', 154.30),
(1976, 14, '2025-03-08', 142.30),
(1977, 14, '2025-03-10', 146.30),
(1978, 14, '2025-03-11', 150.40),
(1979, 14, '2025-03-12', 175.60),
(1980, 14, '2025-03-15', 149.80),
(1981, 14, '2025-03-17', 162.40),
(1982, 14, '2025-03-18', 152.30),
(1983, 14, '2025-03-19', 179.30),
(1984, 14, '2025-03-22', 144.90),
(1985, 14, '2025-03-24', 185.40),
(1986, 14, '2025-03-25', 178.70),
(1987, 14, '2025-03-26', 152.90),
(1988, 14, '2025-03-29', 163.40),
(1989, 14, '2025-03-31', 200.20),
(1990, 15, '2025-03-02', 160.60),
(1991, 15, '2025-03-04', 142.80),
(1992, 15, '2025-03-05', 131.20),
(1993, 15, '2025-03-06', 124.60),
(1994, 15, '2025-03-07', 124.20),
(1995, 15, '2025-03-09', 163.20),
(1996, 15, '2025-03-11', 141.50),
(1997, 15, '2025-03-12', 138.60),
(1998, 15, '2025-03-13', 148.50),
(1999, 15, '2025-03-14', 153.90),
(2000, 15, '2025-03-16', 134.20),
(2001, 15, '2025-03-18', 152.40),
(2002, 15, '2025-03-19', 126.00),
(2003, 15, '2025-03-20', 140.90),
(2004, 15, '2025-03-21', 148.30),
(2005, 15, '2025-03-23', 123.40),
(2006, 15, '2025-03-25', 146.30),
(2007, 15, '2025-03-26', 125.40),
(2008, 15, '2025-03-27', 122.30),
(2009, 15, '2025-03-28', 162.40),
(2010, 15, '2025-03-30', 189.30),
(2011, 16, '2025-03-02', 118.20),
(2012, 16, '2025-03-03', 122.70),
(2013, 16, '2025-03-05', 119.50),
(2014, 16, '2025-03-06', 137.50),
(2015, 16, '2025-03-07', 142.10),
(2016, 16, '2025-03-09', 132.10),
(2017, 16, '2025-03-10', 134.02),
(2018, 16, '2025-03-12', 130.70),
(2019, 16, '2025-03-13', 155.20),
(2020, 16, '2025-03-14', 149.70),
(2021, 16, '2025-03-16', 140.30),
(2022, 16, '2025-03-17', 151.40),
(2023, 16, '2025-03-19', 150.90),
(2024, 16, '2025-03-20', 129.30),
(2025, 16, '2025-03-21', 126.00),
(2026, 16, '2025-03-23', 144.30),
(2027, 16, '2025-03-24', 140.80),
(2028, 16, '2025-03-26', 122.06),
(2029, 16, '2025-03-27', 150.00),
(2030, 16, '2025-03-28', 138.00),
(2031, 16, '2025-03-30', 155.60),
(2032, 16, '2025-03-31', 109.62),
(2033, 17, '2025-03-01', 182.70),
(2034, 17, '2025-03-02', 149.80),
(2035, 17, '2025-03-05', 186.30),
(2036, 17, '2025-03-07', 155.50),
(2037, 17, '2025-03-08', 158.80),
(2038, 17, '2025-03-09', 183.40),
(2039, 17, '2025-03-12', 190.30),
(2040, 17, '2025-03-14', 165.03),
(2041, 17, '2025-03-15', 167.20),
(2042, 17, '2025-03-16', 183.20),
(2043, 17, '2025-03-19', 167.50),
(2044, 17, '2025-03-21', 187.90),
(2045, 17, '2025-03-22', 141.90),
(2046, 17, '2025-03-23', 170.20),
(2047, 17, '2025-03-26', 190.60),
(2048, 17, '2025-03-28', 173.50),
(2049, 17, '2025-03-29', 144.40),
(2050, 17, '2025-03-30', 101.77),
(2051, 18, '2025-03-01', 168.90),
(2052, 18, '2025-03-02', 175.30),
(2053, 18, '2025-03-03', 177.05),
(2054, 18, '2025-03-06', 178.20),
(2055, 18, '2025-03-08', 167.80),
(2056, 18, '2025-03-09', 155.10),
(2057, 18, '2025-03-10', 164.20),
(2058, 18, '2025-03-13', 181.20),
(2059, 18, '2025-03-15', 164.90),
(2060, 18, '2025-03-16', 155.20),
(2061, 18, '2025-03-17', 162.80),
(2062, 18, '2025-03-20', 151.90),
(2063, 18, '2025-03-22', 180.90),
(2064, 18, '2025-03-23', 174.80),
(2065, 18, '2025-03-24', 165.03),
(2066, 18, '2025-03-27', 145.50),
(2067, 18, '2025-03-29', 158.40),
(2068, 18, '2025-03-30', 163.60),
(2069, 18, '2025-03-31', 9.22),
(2070, 19, '2025-03-02', 261.70),
(2071, 19, '2025-03-06', 201.70),
(2072, 19, '2025-03-07', 227.80),
(2073, 19, '2025-03-09', 238.80),
(2074, 19, '2025-03-13', 240.80),
(2075, 19, '2025-03-14', 263.30),
(2076, 19, '2025-03-16', 243.05),
(2077, 19, '2025-03-20', 244.00),
(2078, 19, '2025-03-21', 224.40),
(2079, 19, '2025-03-23', 197.01),
(2080, 19, '2025-03-27', 231.80),
(2081, 19, '2025-03-28', 229.00),
(2082, 19, '2025-03-30', 196.64),
(2083, 20, '2025-03-01', 194.70),
(2084, 20, '2025-03-05', 183.40),
(2085, 20, '2025-03-06', 195.80),
(2086, 20, '2025-03-07', 192.90),
(2087, 20, '2025-03-08', 184.60),
(2088, 20, '2025-03-12', 154.30),
(2089, 20, '2025-03-13', 194.30),
(2090, 20, '2025-03-14', 154.60),
(2091, 20, '2025-03-15', 159.60),
(2092, 20, '2025-03-19', 175.60),
(2093, 20, '2025-03-20', 192.80),
(2094, 20, '2025-03-21', 172.30),
(2095, 20, '2025-03-22', 171.40),
(2096, 20, '2025-03-26', 188.40),
(2097, 20, '2025-03-27', 179.20),
(2098, 20, '2025-03-28', 181.50),
(2099, 20, '2025-03-29', 124.60),
(2100, 21, '2025-03-02', 176.60),
(2101, 21, '2025-03-05', 193.90),
(2102, 21, '2025-03-06', 179.00),
(2103, 21, '2025-03-07', 179.40),
(2104, 21, '2025-03-09', 200.50),
(2105, 21, '2025-03-12', 159.40),
(2106, 21, '2025-03-13', 164.70),
(2107, 21, '2025-03-14', 199.50),
(2108, 21, '2025-03-16', 175.70),
(2109, 21, '2025-03-19', 181.02),
(2110, 21, '2025-03-20', 196.70),
(2111, 21, '2025-03-21', 198.60),
(2112, 21, '2025-03-23', 150.30),
(2113, 21, '2025-03-26', 166.00),
(2114, 21, '2025-03-27', 177.90),
(2115, 21, '2025-03-28', 175.09),
(2116, 21, '2025-03-30', 125.69),
(2117, 22, '2025-03-01', 205.08),
(2118, 22, '2025-03-02', 181.90),
(2119, 22, '2025-03-03', 224.70),
(2120, 22, '2025-03-08', 226.10),
(2121, 22, '2025-03-09', 184.00),
(2122, 22, '2025-03-10', 189.06),
(2123, 22, '2025-03-15', 213.20),
(2124, 22, '2025-03-16', 197.20),
(2125, 22, '2025-03-17', 214.80),
(2126, 22, '2025-03-22', 190.50),
(2127, 22, '2025-03-23', 217.80),
(2128, 22, '2025-03-24', 180.50),
(2129, 22, '2025-03-29', 172.50),
(2130, 22, '2025-03-30', 180.70),
(2131, 22, '2025-03-31', 221.96),
(2132, 23, '2025-03-01', 148.40),
(2133, 23, '2025-03-02', 142.70),
(2134, 23, '2025-03-04', 123.30),
(2135, 23, '2025-03-05', 148.08),
(2136, 23, '2025-03-06', 130.30),
(2137, 23, '2025-03-08', 131.50),
(2138, 23, '2025-03-09', 121.40),
(2139, 23, '2025-03-11', 132.00),
(2140, 23, '2025-03-12', 133.30),
(2141, 23, '2025-03-13', 136.50),
(2142, 23, '2025-03-15', 147.30),
(2143, 23, '2025-03-16', 130.20),
(2144, 23, '2025-03-18', 134.80),
(2145, 23, '2025-03-19', 134.40),
(2146, 23, '2025-03-20', 132.10),
(2147, 23, '2025-03-22', 151.80),
(2148, 23, '2025-03-23', 123.10),
(2149, 23, '2025-03-25', 139.40),
(2150, 23, '2025-03-26', 142.40),
(2151, 23, '2025-03-27', 117.60),
(2152, 23, '2025-03-29', 133.09),
(2153, 23, '2025-03-30', 166.33),
(2154, 24, '2025-03-01', 253.30),
(2155, 24, '2025-03-05', 211.80),
(2156, 24, '2025-03-07', 260.30),
(2157, 24, '2025-03-08', 197.30),
(2158, 24, '2025-03-12', 232.30),
(2159, 24, '2025-03-14', 260.40),
(2160, 24, '2025-03-15', 217.80),
(2161, 24, '2025-03-19', 262.00),
(2162, 24, '2025-03-21', 231.60),
(2163, 24, '2025-03-22', 256.70),
(2164, 24, '2025-03-26', 232.60),
(2165, 24, '2025-03-28', 200.60),
(2166, 24, '2025-03-29', 183.30),
(2167, 25, '2025-03-01', 101.00),
(2168, 25, '2025-03-02', 99.80),
(2169, 25, '2025-03-03', 96.80),
(2170, 25, '2025-03-04', 114.70),
(2171, 25, '2025-03-06', 127.70),
(2172, 25, '2025-03-07', 105.10),
(2173, 25, '2025-03-08', 125.90),
(2174, 25, '2025-03-09', 121.90),
(2175, 25, '2025-03-10', 121.40),
(2176, 25, '2025-03-11', 118.20),
(2177, 25, '2025-03-13', 118.90),
(2178, 25, '2025-03-14', 125.10),
(2179, 25, '2025-03-15', 123.70),
(2180, 25, '2025-03-16', 103.30),
(2181, 25, '2025-03-17', 117.90),
(2182, 25, '2025-03-18', 120.80),
(2183, 25, '2025-03-20', 105.70),
(2184, 25, '2025-03-21', 122.50),
(2185, 25, '2025-03-22', 111.80),
(2186, 25, '2025-03-23', 95.30),
(2187, 25, '2025-03-24', 121.90),
(2188, 25, '2025-03-25', 102.40),
(2189, 25, '2025-03-27', 111.20),
(2190, 25, '2025-03-28', 119.60),
(2191, 25, '2025-03-29', 98.60),
(2192, 25, '2025-03-30', 112.60),
(2193, 25, '2025-03-31', 56.20),
(2194, 26, '2025-03-02', 216.60),
(2195, 26, '2025-03-04', 263.70),
(2196, 26, '2025-03-07', 233.90),
(2197, 26, '2025-03-09', 237.70),
(2198, 26, '2025-03-11', 262.60),
(2199, 26, '2025-03-14', 260.00),
(2200, 26, '2025-03-16', 218.30),
(2201, 26, '2025-03-18', 222.09),
(2202, 26, '2025-03-21', 252.30),
(2203, 26, '2025-03-23', 257.40),
(2204, 26, '2025-03-25', 262.90),
(2205, 26, '2025-03-28', 217.06),
(2206, 26, '2025-03-30', 95.45),
(2207, 27, '2025-03-02', 131.60),
(2208, 27, '2025-03-03', 145.70),
(2209, 27, '2025-03-04', 130.08),
(2210, 27, '2025-03-05', 133.70),
(2211, 27, '2025-03-07', 130.30),
(2212, 27, '2025-03-09', 128.10),
(2213, 27, '2025-03-10', 152.20),
(2214, 27, '2025-03-11', 133.90),
(2215, 27, '2025-03-12', 146.70),
(2216, 27, '2025-03-14', 124.70),
(2217, 27, '2025-03-16', 136.50),
(2218, 27, '2025-03-17', 140.20),
(2219, 27, '2025-03-18', 118.70),
(2220, 27, '2025-03-19', 145.60),
(2221, 27, '2025-03-21', 123.50),
(2222, 27, '2025-03-23', 148.70),
(2223, 27, '2025-03-24', 155.70),
(2224, 27, '2025-03-25', 146.30),
(2225, 27, '2025-03-26', 143.10),
(2226, 27, '2025-03-28', 118.40),
(2227, 27, '2025-03-30', 126.70),
(2228, 27, '2025-03-31', 139.62),
(2229, 28, '2025-03-01', 118.03),
(2230, 28, '2025-03-03', 117.01),
(2231, 28, '2025-03-04', 99.50),
(2232, 28, '2025-03-05', 129.40),
(2233, 28, '2025-03-06', 118.70),
(2234, 28, '2025-03-07', 102.30),
(2235, 28, '2025-03-08', 107.80),
(2236, 28, '2025-03-10', 118.50),
(2237, 28, '2025-03-11', 124.02),
(2238, 28, '2025-03-12', 103.60),
(2239, 28, '2025-03-13', 110.08),
(2240, 28, '2025-03-14', 127.90),
(2241, 28, '2025-03-15', 112.80),
(2242, 28, '2025-03-17', 119.60),
(2243, 28, '2025-03-18', 124.00),
(2244, 28, '2025-03-19', 116.20),
(2245, 28, '2025-03-20', 129.60),
(2246, 28, '2025-03-21', 114.50),
(2247, 28, '2025-03-22', 108.30),
(2248, 28, '2025-03-24', 104.80),
(2249, 28, '2025-03-25', 114.60),
(2250, 28, '2025-03-26', 131.40),
(2251, 28, '2025-03-27', 120.60),
(2252, 28, '2025-03-28', 101.40),
(2253, 28, '2025-03-29', 128.60),
(2254, 28, '2025-03-31', 96.76),
(2255, 29, '2025-03-02', 181.20),
(2256, 29, '2025-03-03', 186.40),
(2257, 29, '2025-03-04', 161.40),
(2258, 29, '2025-03-06', 166.08),
(2259, 29, '2025-03-09', 149.50),
(2260, 29, '2025-03-10', 186.00),
(2261, 29, '2025-03-11', 154.40),
(2262, 29, '2025-03-13', 147.05),
(2263, 29, '2025-03-16', 185.20),
(2264, 29, '2025-03-17', 146.50),
(2265, 29, '2025-03-18', 149.50),
(2266, 29, '2025-03-20', 151.50),
(2267, 29, '2025-03-23', 189.50),
(2268, 29, '2025-03-24', 176.30),
(2269, 29, '2025-03-25', 170.60),
(2270, 29, '2025-03-27', 157.20),
(2271, 29, '2025-03-30', 171.70),
(2272, 29, '2025-03-31', 169.97),
(2273, 30, '2025-03-02', 102.01),
(2274, 30, '2025-03-03', 126.02),
(2275, 30, '2025-03-04', 109.10),
(2276, 30, '2025-03-05', 128.50),
(2277, 30, '2025-03-06', 124.20),
(2278, 30, '2025-03-07', 106.40),
(2279, 30, '2025-03-09', 119.90),
(2280, 30, '2025-03-10', 113.90),
(2281, 30, '2025-03-11', 106.30),
(2282, 30, '2025-03-12', 115.05),
(2283, 30, '2025-03-13', 101.20),
(2284, 30, '2025-03-14', 108.50),
(2285, 30, '2025-03-16', 111.06),
(2286, 30, '2025-03-17', 122.60),
(2287, 30, '2025-03-18', 99.05),
(2288, 30, '2025-03-19', 120.30),
(2289, 30, '2025-03-20', 130.60),
(2290, 30, '2025-03-21', 99.50),
(2291, 30, '2025-03-23', 100.50),
(2292, 30, '2025-03-24', 118.60),
(2293, 30, '2025-03-25', 122.40),
(2294, 30, '2025-03-26', 98.30),
(2295, 30, '2025-03-27', 131.50),
(2296, 30, '2025-03-28', 111.20),
(2297, 30, '2025-03-30', 107.80),
(2298, 30, '2025-03-31', 165.51),
(2299, 31, '2025-03-02', 148.30),
(2300, 31, '2025-03-03', 154.20),
(2301, 31, '2025-03-05', 146.20),
(2302, 31, '2025-03-07', 160.60),
(2303, 31, '2025-03-09', 187.90),
(2304, 31, '2025-03-10', 142.60),
(2305, 31, '2025-03-12', 147.30),
(2306, 31, '2025-03-14', 147.70),
(2307, 31, '2025-03-16', 143.40),
(2308, 31, '2025-03-17', 165.70),
(2309, 31, '2025-03-19', 152.80),
(2310, 31, '2025-03-21', 187.70),
(2311, 31, '2025-03-23', 159.05),
(2312, 31, '2025-03-24', 157.80),
(2313, 31, '2025-03-26', 187.50),
(2314, 31, '2025-03-28', 169.70),
(2315, 31, '2025-03-30', 165.90),
(2316, 31, '2025-03-31', 275.65),
(2317, 32, '2025-03-02', 198.20),
(2318, 32, '2025-03-04', 157.04),
(2319, 32, '2025-03-05', 192.40),
(2320, 32, '2025-03-06', 188.70),
(2321, 32, '2025-03-09', 158.20),
(2322, 32, '2025-03-11', 176.90),
(2323, 32, '2025-03-12', 175.04),
(2324, 32, '2025-03-13', 151.80),
(2325, 32, '2025-03-16', 186.90),
(2326, 32, '2025-03-18', 170.20),
(2327, 32, '2025-03-19', 191.01),
(2328, 32, '2025-03-20', 153.60),
(2329, 32, '2025-03-23', 162.40),
(2330, 32, '2025-03-25', 183.40),
(2331, 32, '2025-03-26', 168.80),
(2332, 32, '2025-03-27', 182.00),
(2333, 32, '2025-03-30', 203.41),
(2334, 33, '2025-03-03', 262.20),
(2335, 33, '2025-03-05', 257.90),
(2336, 33, '2025-03-07', 231.60),
(2337, 33, '2025-03-10', 200.01),
(2338, 33, '2025-03-12', 265.08),
(2339, 33, '2025-03-14', 244.50),
(2340, 33, '2025-03-17', 264.10),
(2341, 33, '2025-03-19', 229.10),
(2342, 33, '2025-03-21', 253.80),
(2343, 33, '2025-03-24', 202.20),
(2344, 33, '2025-03-26', 239.00),
(2345, 33, '2025-03-28', 233.20),
(2346, 33, '2025-03-31', 117.31),
(2347, 34, '2025-03-01', 143.20),
(2348, 34, '2025-03-02', 125.70),
(2349, 34, '2025-03-03', 138.08),
(2350, 34, '2025-03-05', 141.70),
(2351, 34, '2025-03-06', 112.70),
(2352, 34, '2025-03-08', 110.90),
(2353, 34, '2025-03-09', 115.80),
(2354, 34, '2025-03-10', 137.80),
(2355, 34, '2025-03-12', 138.60),
(2356, 34, '2025-03-13', 116.40),
(2357, 34, '2025-03-15', 128.70),
(2358, 34, '2025-03-16', 113.40),
(2359, 34, '2025-03-17', 134.60),
(2360, 34, '2025-03-19', 128.10),
(2361, 34, '2025-03-20', 125.70),
(2362, 34, '2025-03-22', 142.50),
(2363, 34, '2025-03-23', 134.10),
(2364, 34, '2025-03-24', 142.50),
(2365, 34, '2025-03-26', 149.80),
(2366, 34, '2025-03-27', 143.60),
(2367, 34, '2025-03-29', 142.00),
(2368, 34, '2025-03-30', 141.70),
(2369, 34, '2025-03-31', 92.42),
(2370, 35, '2025-03-01', 228.06),
(2371, 35, '2025-03-02', 235.90),
(2372, 35, '2025-03-04', 204.00),
(2373, 35, '2025-03-08', 196.30),
(2374, 35, '2025-03-09', 241.30),
(2375, 35, '2025-03-11', 187.70),
(2376, 35, '2025-03-15', 219.90),
(2377, 35, '2025-03-16', 202.40),
(2378, 35, '2025-03-18', 228.40),
(2379, 35, '2025-03-22', 212.30),
(2380, 35, '2025-03-23', 217.20),
(2381, 35, '2025-03-25', 241.80),
(2382, 35, '2025-03-29', 184.30),
(2383, 35, '2025-03-30', 200.44),
(2384, 36, '2025-03-02', 244.50),
(2385, 36, '2025-03-05', 257.60),
(2386, 36, '2025-03-07', 242.50),
(2387, 36, '2025-03-09', 199.40),
(2388, 36, '2025-03-12', 219.60),
(2389, 36, '2025-03-14', 231.80),
(2390, 36, '2025-03-16', 215.30),
(2391, 36, '2025-03-19', 244.30),
(2392, 36, '2025-03-21', 218.05),
(2393, 36, '2025-03-23', 223.00),
(2394, 36, '2025-03-26', 216.40),
(2395, 36, '2025-03-28', 262.20),
(2396, 36, '2025-03-30', 225.35),
(2397, 37, '2025-03-01', 119.20),
(2398, 37, '2025-03-02', 104.80),
(2399, 37, '2025-03-03', 94.60),
(2400, 37, '2025-03-04', 111.10),
(2401, 37, '2025-03-06', 107.60),
(2402, 37, '2025-03-07', 107.10),
(2403, 37, '2025-03-08', 112.10),
(2404, 37, '2025-03-09', 114.20),
(2405, 37, '2025-03-10', 126.50),
(2406, 37, '2025-03-11', 109.90),
(2407, 37, '2025-03-13', 114.60),
(2408, 37, '2025-03-14', 111.40),
(2409, 37, '2025-03-15', 127.00),
(2410, 37, '2025-03-16', 108.40),
(2411, 37, '2025-03-17', 94.90),
(2412, 37, '2025-03-18', 94.50),
(2413, 37, '2025-03-20', 109.40),
(2414, 37, '2025-03-21', 120.60),
(2415, 37, '2025-03-22', 115.07),
(2416, 37, '2025-03-23', 94.40),
(2417, 37, '2025-03-24', 107.30),
(2418, 37, '2025-03-25', 124.80),
(2419, 37, '2025-03-27', 119.02),
(2420, 37, '2025-03-28', 104.07),
(2421, 37, '2025-03-29', 126.20),
(2422, 37, '2025-03-30', 95.40),
(2423, 37, '2025-03-31', 125.84),
(2424, 38, '2025-03-01', 148.30),
(2425, 38, '2025-03-02', 165.60),
(2426, 38, '2025-03-06', 163.10),
(2427, 38, '2025-03-07', 171.05),
(2428, 38, '2025-03-08', 182.40),
(2429, 38, '2025-03-09', 162.30),
(2430, 38, '2025-03-13', 169.70),
(2431, 38, '2025-03-14', 146.50),
(2432, 38, '2025-03-15', 149.70),
(2433, 38, '2025-03-16', 166.00),
(2434, 38, '2025-03-20', 184.90),
(2435, 38, '2025-03-21', 162.60),
(2436, 38, '2025-03-22', 167.00),
(2437, 38, '2025-03-23', 161.80),
(2438, 38, '2025-03-27', 154.60),
(2439, 38, '2025-03-28', 168.60),
(2440, 38, '2025-03-29', 155.90),
(2441, 38, '2025-03-30', 219.95),
(2442, 39, '2025-03-02', 128.20),
(2443, 39, '2025-03-04', 132.40),
(2444, 39, '2025-03-05', 147.40),
(2445, 39, '2025-03-06', 155.60),
(2446, 39, '2025-03-07', 163.90),
(2447, 39, '2025-03-09', 149.30),
(2448, 39, '2025-03-11', 122.06),
(2449, 39, '2025-03-12', 129.50),
(2450, 39, '2025-03-13', 144.20),
(2451, 39, '2025-03-14', 142.50),
(2452, 39, '2025-03-16', 133.70),
(2453, 39, '2025-03-18', 150.20),
(2454, 39, '2025-03-19', 128.00),
(2455, 39, '2025-03-20', 160.30),
(2456, 39, '2025-03-21', 130.80),
(2457, 39, '2025-03-23', 145.90),
(2458, 39, '2025-03-25', 147.50),
(2459, 39, '2025-03-26', 142.30),
(2460, 39, '2025-03-27', 140.30),
(2461, 39, '2025-03-28', 122.70),
(2462, 39, '2025-03-30', 183.24),
(2463, 40, '2025-03-01', 120.30),
(2464, 40, '2025-03-02', 121.40),
(2465, 40, '2025-03-03', 148.80),
(2466, 40, '2025-03-04', 148.90),
(2467, 40, '2025-03-05', 132.90),
(2468, 40, '2025-03-08', 113.60),
(2469, 40, '2025-03-09', 121.50),
(2470, 40, '2025-03-10', 137.10),
(2471, 40, '2025-03-11', 132.40),
(2472, 40, '2025-03-12', 148.70),
(2473, 40, '2025-03-15', 141.90),
(2474, 40, '2025-03-16', 124.80),
(2475, 40, '2025-03-17', 149.40),
(2476, 40, '2025-03-18', 125.50),
(2477, 40, '2025-03-19', 138.80),
(2478, 40, '2025-03-22', 117.20),
(2479, 40, '2025-03-23', 116.09),
(2480, 40, '2025-03-24', 145.60),
(2481, 40, '2025-03-25', 130.80),
(2482, 40, '2025-03-26', 111.20),
(2483, 40, '2025-03-29', 117.50),
(2484, 40, '2025-03-30', 144.20),
(2485, 40, '2025-03-31', 111.41),
(2486, 41, '2025-03-02', 165.40),
(2487, 41, '2025-03-04', 195.30),
(2488, 41, '2025-03-05', 153.60),
(2489, 41, '2025-03-07', 165.20),
(2490, 41, '2025-03-09', 186.40),
(2491, 41, '2025-03-11', 159.30),
(2492, 41, '2025-03-12', 170.30),
(2493, 41, '2025-03-14', 151.20),
(2494, 41, '2025-03-16', 179.40),
(2495, 41, '2025-03-18', 151.20),
(2496, 41, '2025-03-19', 186.60),
(2497, 41, '2025-03-21', 169.20),
(2498, 41, '2025-03-23', 167.20),
(2499, 41, '2025-03-25', 165.10),
(2500, 41, '2025-03-26', 166.50),
(2501, 41, '2025-03-28', 194.60),
(2502, 41, '2025-03-30', 273.50),
(2503, 42, '2025-03-03', 159.60),
(2504, 42, '2025-03-04', 135.80),
(2505, 42, '2025-03-05', 146.10),
(2506, 42, '2025-03-06', 134.00),
(2507, 42, '2025-03-07', 127.70),
(2508, 42, '2025-03-10', 159.20),
(2509, 42, '2025-03-11', 124.03),
(2510, 42, '2025-03-12', 162.50),
(2511, 42, '2025-03-13', 148.50),
(2512, 42, '2025-03-14', 123.90),
(2513, 42, '2025-03-17', 126.20),
(2514, 42, '2025-03-18', 145.00),
(2515, 42, '2025-03-19', 158.80),
(2516, 42, '2025-03-20', 126.50),
(2517, 42, '2025-03-21', 150.06),
(2518, 42, '2025-03-24', 151.60),
(2519, 42, '2025-03-25', 123.60),
(2520, 42, '2025-03-26', 149.70),
(2521, 42, '2025-03-27', 143.40),
(2522, 42, '2025-03-28', 157.60),
(2523, 42, '2025-03-31', 146.21),
(2524, 43, '2025-03-03', 162.30),
(2525, 43, '2025-03-04', 187.40),
(2526, 43, '2025-03-05', 197.90),
(2527, 43, '2025-03-07', 170.30),
(2528, 43, '2025-03-10', 181.90),
(2529, 43, '2025-03-11', 168.80),
(2530, 43, '2025-03-12', 186.80),
(2531, 43, '2025-03-14', 181.80),
(2532, 43, '2025-03-17', 152.50),
(2533, 43, '2025-03-18', 162.80),
(2534, 43, '2025-03-19', 181.04),
(2535, 43, '2025-03-21', 176.80),
(2536, 43, '2025-03-24', 184.60),
(2537, 43, '2025-03-25', 173.80),
(2538, 43, '2025-03-26', 159.70),
(2539, 43, '2025-03-28', 170.00),
(2540, 43, '2025-03-31', 201.56),
(2541, 44, '2025-03-01', 123.06),
(2542, 44, '2025-03-02', 111.03),
(2543, 44, '2025-03-04', 127.70),
(2544, 44, '2025-03-05', 118.50),
(2545, 44, '2025-03-06', 105.30),
(2546, 44, '2025-03-07', 123.40),
(2547, 44, '2025-03-08', 101.50),
(2548, 44, '2025-03-09', 126.80),
(2549, 44, '2025-03-11', 98.90),
(2550, 44, '2025-03-12', 131.50),
(2551, 44, '2025-03-13', 100.10),
(2552, 44, '2025-03-14', 126.20),
(2553, 44, '2025-03-15', 106.60),
(2554, 44, '2025-03-16', 103.50),
(2555, 44, '2025-03-18', 122.40),
(2556, 44, '2025-03-19', 106.70),
(2557, 44, '2025-03-20', 113.20),
(2558, 44, '2025-03-21', 103.40),
(2559, 44, '2025-03-22', 129.70),
(2560, 44, '2025-03-23', 127.04),
(2561, 44, '2025-03-25', 113.00),
(2562, 44, '2025-03-26', 131.01),
(2563, 44, '2025-03-27', 106.90),
(2564, 44, '2025-03-28', 122.90),
(2565, 44, '2025-03-29', 122.10),
(2566, 44, '2025-03-30', 97.56),
(2567, 45, '2025-03-01', 141.20),
(2568, 45, '2025-03-02', 179.08),
(2569, 45, '2025-03-03', 146.20),
(2570, 45, '2025-03-06', 135.10),
(2571, 45, '2025-03-08', 157.30),
(2572, 45, '2025-03-09', 156.70),
(2573, 45, '2025-03-10', 141.90),
(2574, 45, '2025-03-13', 147.40),
(2575, 45, '2025-03-15', 170.70),
(2576, 45, '2025-03-16', 151.70),
(2577, 45, '2025-03-17', 146.50),
(2578, 45, '2025-03-20', 171.40),
(2579, 45, '2025-03-22', 154.40),
(2580, 45, '2025-03-23', 154.09),
(2581, 45, '2025-03-24', 146.10),
(2582, 45, '2025-03-27', 153.03),
(2583, 45, '2025-03-29', 146.90),
(2584, 45, '2025-03-30', 174.40),
(2585, 45, '2025-03-31', 225.90),
(2586, 46, '2025-03-01', 163.80),
(2587, 46, '2025-03-03', 171.80),
(2588, 46, '2025-03-06', 181.90),
(2589, 46, '2025-03-07', 165.50),
(2590, 46, '2025-03-08', 144.80),
(2591, 46, '2025-03-10', 143.20),
(2592, 46, '2025-03-13', 147.40),
(2593, 46, '2025-03-14', 167.20),
(2594, 46, '2025-03-15', 172.80),
(2595, 46, '2025-03-17', 170.20),
(2596, 46, '2025-03-20', 167.60),
(2597, 46, '2025-03-21', 144.30),
(2598, 46, '2025-03-22', 147.60),
(2599, 46, '2025-03-24', 163.90),
(2600, 46, '2025-03-27', 177.80),
(2601, 46, '2025-03-28', 167.03),
(2602, 46, '2025-03-29', 171.30),
(2603, 46, '2025-03-31', 231.87),
(2604, 47, '2025-03-01', 206.08),
(2605, 47, '2025-03-03', 184.50),
(2606, 47, '2025-03-04', 231.00),
(2607, 47, '2025-03-08', 208.30),
(2608, 47, '2025-03-10', 243.06),
(2609, 47, '2025-03-11', 236.40),
(2610, 47, '2025-03-15', 210.80),
(2611, 47, '2025-03-17', 207.90),
(2612, 47, '2025-03-18', 242.10),
(2613, 47, '2025-03-22', 183.90),
(2614, 47, '2025-03-24', 217.60),
(2615, 47, '2025-03-25', 201.30),
(2616, 47, '2025-03-29', 191.60),
(2617, 47, '2025-03-31', 235.46),
(2618, 48, '2025-03-01', 156.40),
(2619, 48, '2025-03-04', 139.30),
(2620, 48, '2025-03-05', 145.20),
(2621, 48, '2025-03-06', 154.70),
(2622, 48, '2025-03-07', 134.20),
(2623, 48, '2025-03-08', 156.60),
(2624, 48, '2025-03-11', 145.30),
(2625, 48, '2025-03-12', 133.90),
(2626, 48, '2025-03-13', 141.80),
(2627, 48, '2025-03-14', 127.40),
(2628, 48, '2025-03-15', 122.10),
(2629, 48, '2025-03-18', 124.50),
(2630, 48, '2025-03-19', 137.06),
(2631, 48, '2025-03-20', 124.03),
(2632, 48, '2025-03-21', 131.50),
(2633, 48, '2025-03-22', 163.90),
(2634, 48, '2025-03-25', 127.90),
(2635, 48, '2025-03-26', 159.00),
(2636, 48, '2025-03-27', 156.90),
(2637, 48, '2025-03-28', 144.30),
(2638, 48, '2025-03-29', 174.01),
(2639, 49, '2025-03-02', 147.30),
(2640, 49, '2025-03-03', 144.90),
(2641, 49, '2025-03-04', 149.00),
(2642, 49, '2025-03-05', 116.40),
(2643, 49, '2025-03-06', 136.00),
(2644, 49, '2025-03-09', 147.90),
(2645, 49, '2025-03-10', 118.70),
(2646, 49, '2025-03-11', 120.80),
(2647, 49, '2025-03-12', 155.90),
(2648, 49, '2025-03-13', 135.50),
(2649, 49, '2025-03-16', 140.50),
(2650, 49, '2025-03-17', 138.30),
(2651, 49, '2025-03-18', 132.20),
(2652, 49, '2025-03-19', 116.20),
(2653, 49, '2025-03-20', 146.60),
(2654, 49, '2025-03-23', 121.90),
(2655, 49, '2025-03-24', 154.06),
(2656, 49, '2025-03-25', 117.60),
(2657, 49, '2025-03-26', 138.80),
(2658, 49, '2025-03-27', 137.40),
(2659, 49, '2025-03-30', 121.60),
(2660, 49, '2025-03-31', 162.44),
(2661, 50, '2025-03-01', 162.60),
(2662, 50, '2025-03-02', 143.00),
(2663, 50, '2025-03-04', 181.20),
(2664, 50, '2025-03-05', 163.50),
(2665, 50, '2025-03-08', 151.07),
(2666, 50, '2025-03-09', 167.00),
(2667, 50, '2025-03-11', 154.05),
(2668, 50, '2025-03-12', 180.40),
(2669, 50, '2025-03-15', 190.30),
(2670, 50, '2025-03-16', 165.80),
(2671, 50, '2025-03-18', 153.40),
(2672, 50, '2025-03-19', 156.00),
(2673, 50, '2025-03-22', 155.60),
(2674, 50, '2025-03-23', 149.70),
(2675, 50, '2025-03-25', 160.50),
(2676, 50, '2025-03-26', 172.30),
(2677, 50, '2025-03-29', 149.70),
(2678, 50, '2025-03-30', 243.88),
(2679, 51, '2025-03-01', 150.60),
(2680, 51, '2025-03-03', 146.30),
(2681, 51, '2025-03-04', 152.05),
(2682, 51, '2025-03-07', 175.90),
(2683, 51, '2025-03-08', 185.20),
(2684, 51, '2025-03-10', 174.60),
(2685, 51, '2025-03-11', 152.40),
(2686, 51, '2025-03-14', 149.70),
(2687, 51, '2025-03-15', 167.70),
(2688, 51, '2025-03-17', 143.60),
(2689, 51, '2025-03-18', 165.90),
(2690, 51, '2025-03-21', 171.10),
(2691, 51, '2025-03-22', 145.40),
(2692, 51, '2025-03-24', 190.90),
(2693, 51, '2025-03-25', 180.20),
(2694, 51, '2025-03-28', 158.70),
(2695, 51, '2025-03-29', 178.08),
(2696, 51, '2025-03-31', 211.67),
(2697, 52, '2025-03-01', 140.40),
(2698, 52, '2025-03-03', 146.60),
(2699, 52, '2025-03-04', 145.90),
(2700, 52, '2025-03-05', 125.00),
(2701, 52, '2025-03-06', 142.50),
(2702, 52, '2025-03-08', 154.60),
(2703, 52, '2025-03-10', 134.40),
(2704, 52, '2025-03-11', 139.90),
(2705, 52, '2025-03-12', 153.60),
(2706, 52, '2025-03-13', 128.09),
(2707, 52, '2025-03-15', 140.00),
(2708, 52, '2025-03-17', 118.90),
(2709, 52, '2025-03-18', 139.90),
(2710, 52, '2025-03-19', 132.20),
(2711, 52, '2025-03-20', 126.20),
(2712, 52, '2025-03-22', 153.20),
(2713, 52, '2025-03-24', 125.05),
(2714, 52, '2025-03-25', 124.40),
(2715, 52, '2025-03-26', 149.10),
(2716, 52, '2025-03-27', 154.30),
(2717, 52, '2025-03-29', 145.30),
(2718, 52, '2025-03-31', 80.46),
(2719, 53, '2025-03-03', 217.20),
(2720, 53, '2025-03-05', 253.30),
(2721, 53, '2025-03-06', 257.90),
(2722, 53, '2025-03-10', 264.70),
(2723, 53, '2025-03-12', 219.10),
(2724, 53, '2025-03-13', 236.50),
(2725, 53, '2025-03-17', 239.80),
(2726, 53, '2025-03-19', 249.60),
(2727, 53, '2025-03-20', 202.40),
(2728, 53, '2025-03-24', 231.90),
(2729, 53, '2025-03-26', 251.90),
(2730, 53, '2025-03-27', 216.10),
(2731, 53, '2025-03-31', 159.60),
(2732, 54, '2025-03-01', 243.80),
(2733, 54, '2025-03-05', 244.70),
(2734, 54, '2025-03-07', 214.60),
(2735, 54, '2025-03-08', 253.90),
(2736, 54, '2025-03-12', 248.20),
(2737, 54, '2025-03-14', 218.01),
(2738, 54, '2025-03-15', 231.20),
(2739, 54, '2025-03-19', 226.30),
(2740, 54, '2025-03-21', 208.50),
(2741, 54, '2025-03-22', 255.70),
(2742, 54, '2025-03-26', 196.20),
(2743, 54, '2025-03-28', 239.30),
(2744, 54, '2025-03-29', 219.59),
(2745, 55, '2025-03-01', 117.60),
(2746, 55, '2025-03-02', 145.80),
(2747, 55, '2025-03-03', 121.00),
(2748, 55, '2025-03-06', 148.20),
(2749, 55, '2025-03-07', 145.80),
(2750, 55, '2025-03-08', 124.60),
(2751, 55, '2025-03-09', 135.50),
(2752, 55, '2025-03-10', 124.90),
(2753, 55, '2025-03-13', 139.30),
(2754, 55, '2025-03-14', 133.80),
(2755, 55, '2025-03-15', 112.70),
(2756, 55, '2025-03-16', 125.50),
(2757, 55, '2025-03-17', 116.80),
(2758, 55, '2025-03-20', 130.80),
(2759, 55, '2025-03-21', 124.50),
(2760, 55, '2025-03-22', 127.60),
(2761, 55, '2025-03-23', 137.30),
(2762, 55, '2025-03-24', 142.70),
(2763, 55, '2025-03-27', 125.70),
(2764, 55, '2025-03-28', 145.20),
(2765, 55, '2025-03-29', 136.80),
(2766, 55, '2025-03-30', 115.40),
(2767, 55, '2025-03-31', 122.50),
(2768, 56, '2025-03-01', 244.04),
(2769, 56, '2025-03-05', 205.60),
(2770, 56, '2025-03-06', 219.30),
(2771, 56, '2025-03-08', 247.40),
(2772, 56, '2025-03-12', 257.70),
(2773, 56, '2025-03-13', 249.40),
(2774, 56, '2025-03-15', 236.08),
(2775, 56, '2025-03-19', 207.50),
(2776, 56, '2025-03-20', 213.30),
(2777, 56, '2025-03-22', 253.50),
(2778, 56, '2025-03-26', 225.40),
(2779, 56, '2025-03-27', 242.50),
(2780, 56, '2025-03-29', 198.28),
(2781, 57, '2025-03-01', 128.80),
(2782, 57, '2025-03-02', 134.60),
(2783, 57, '2025-03-05', 140.70),
(2784, 57, '2025-03-06', 131.90),
(2785, 57, '2025-03-07', 130.20),
(2786, 57, '2025-03-08', 145.70),
(2787, 57, '2025-03-09', 147.40),
(2788, 57, '2025-03-12', 128.70),
(2789, 57, '2025-03-13', 141.30),
(2790, 57, '2025-03-14', 153.50),
(2791, 57, '2025-03-15', 127.90),
(2792, 57, '2025-03-16', 143.60),
(2793, 57, '2025-03-19', 146.00),
(2794, 57, '2025-03-20', 134.90),
(2795, 57, '2025-03-21', 152.06),
(2796, 57, '2025-03-22', 148.30),
(2797, 57, '2025-03-23', 122.50),
(2798, 57, '2025-03-26', 123.10),
(2799, 57, '2025-03-27', 145.20),
(2800, 57, '2025-03-28', 139.80),
(2801, 57, '2025-03-29', 151.50),
(2802, 57, '2025-03-30', 82.34),
(2803, 58, '2025-03-01', 191.80),
(2804, 58, '2025-03-04', 176.70),
(2805, 58, '2025-03-05', 177.40),
(2806, 58, '2025-03-07', 200.90),
(2807, 58, '2025-03-08', 195.80),
(2808, 58, '2025-03-11', 201.30),
(2809, 58, '2025-03-12', 175.30),
(2810, 58, '2025-03-14', 160.80),
(2811, 58, '2025-03-15', 150.90),
(2812, 58, '2025-03-18', 170.90),
(2813, 58, '2025-03-19', 187.90),
(2814, 58, '2025-03-21', 192.20),
(2815, 58, '2025-03-22', 165.20),
(2816, 58, '2025-03-25', 162.50),
(2817, 58, '2025-03-26', 190.20),
(2818, 58, '2025-03-28', 152.00),
(2819, 58, '2025-03-29', 148.20),
(2820, 59, '2025-03-01', 201.50),
(2821, 59, '2025-03-03', 189.50),
(2822, 59, '2025-03-06', 185.40),
(2823, 59, '2025-03-08', 244.10),
(2824, 59, '2025-03-10', 217.80),
(2825, 59, '2025-03-13', 241.70),
(2826, 59, '2025-03-15', 243.60),
(2827, 59, '2025-03-17', 193.80),
(2828, 59, '2025-03-20', 235.50),
(2829, 59, '2025-03-22', 217.20),
(2830, 59, '2025-03-24', 183.00),
(2831, 59, '2025-03-27', 232.50),
(2832, 59, '2025-03-29', 199.00),
(2833, 59, '2025-03-31', 215.40),
(2834, 60, '2025-03-01', 196.40),
(2835, 60, '2025-03-02', 178.80),
(2836, 60, '2025-03-03', 222.70),
(2837, 60, '2025-03-08', 198.80),
(2838, 60, '2025-03-09', 177.60),
(2839, 60, '2025-03-10', 182.80),
(2840, 60, '2025-03-15', 174.70),
(2841, 60, '2025-03-16', 176.04),
(2842, 60, '2025-03-17', 193.80),
(2843, 60, '2025-03-22', 184.60),
(2844, 60, '2025-03-23', 174.30),
(2845, 60, '2025-03-24', 213.90),
(2846, 60, '2025-03-29', 194.02),
(2847, 60, '2025-03-30', 223.80),
(2848, 60, '2025-03-31', 307.74),
(2849, 61, '2025-03-04', 254.08),
(2850, 61, '2025-03-05', 213.50),
(2851, 61, '2025-03-06', 245.00),
(2852, 61, '2025-03-11', 220.80),
(2853, 61, '2025-03-12', 222.30),
(2854, 61, '2025-03-13', 286.30),
(2855, 61, '2025-03-18', 247.60),
(2856, 61, '2025-03-19', 224.70),
(2857, 61, '2025-03-20', 229.80),
(2858, 61, '2025-03-25', 217.05),
(2859, 61, '2025-03-26', 238.00),
(2860, 61, '2025-03-27', 400.87),
(2861, 62, '2025-03-01', 109.20),
(2862, 62, '2025-03-02', 97.90),
(2863, 62, '2025-03-03', 116.90),
(2864, 62, '2025-03-04', 98.80),
(2865, 62, '2025-03-05', 125.30),
(2866, 62, '2025-03-06', 97.40),
(2867, 62, '2025-03-08', 120.10),
(2868, 62, '2025-03-09', 103.40),
(2869, 62, '2025-03-10', 125.40),
(2870, 62, '2025-03-11', 121.40),
(2871, 62, '2025-03-12', 119.60),
(2872, 62, '2025-03-13', 115.40),
(2873, 62, '2025-03-15', 127.70),
(2874, 62, '2025-03-16', 122.90),
(2875, 62, '2025-03-17', 121.80),
(2876, 62, '2025-03-18', 95.40),
(2877, 62, '2025-03-19', 96.70),
(2878, 62, '2025-03-20', 95.10),
(2879, 62, '2025-03-22', 119.20),
(2880, 62, '2025-03-23', 127.40),
(2881, 62, '2025-03-24', 97.30),
(2882, 62, '2025-03-25', 107.30),
(2883, 62, '2025-03-26', 97.70),
(2884, 62, '2025-03-27', 101.80),
(2885, 62, '2025-03-29', 95.40),
(2886, 62, '2025-03-30', 95.50),
(2887, 62, '2025-03-31', 148.00),
(2888, 63, '2025-03-01', 118.60),
(2889, 63, '2025-03-02', 146.80),
(2890, 63, '2025-03-03', 132.20),
(2891, 63, '2025-03-04', 148.10),
(2892, 63, '2025-03-06', 111.60),
(2893, 63, '2025-03-08', 143.80),
(2894, 63, '2025-03-09', 128.40),
(2895, 63, '2025-03-10', 114.80),
(2896, 63, '2025-03-11', 120.80),
(2897, 63, '2025-03-13', 118.80),
(2898, 63, '2025-03-15', 128.70),
(2899, 63, '2025-03-16', 118.00),
(2900, 63, '2025-03-17', 139.40),
(2901, 63, '2025-03-18', 141.10),
(2902, 63, '2025-03-20', 137.80),
(2903, 63, '2025-03-22', 118.07),
(2904, 63, '2025-03-23', 119.10),
(2905, 63, '2025-03-24', 135.80),
(2906, 63, '2025-03-25', 142.04),
(2907, 63, '2025-03-27', 116.40),
(2908, 63, '2025-03-29', 128.07),
(2909, 63, '2025-03-30', 120.50),
(2910, 63, '2025-03-31', 171.12),
(2911, 64, '2025-03-01', 99.20),
(2912, 64, '2025-03-02', 125.90),
(2913, 64, '2025-03-03', 125.20),
(2914, 64, '2025-03-04', 102.60),
(2915, 64, '2025-03-05', 115.20),
(2916, 64, '2025-03-07', 109.50),
(2917, 64, '2025-03-08', 110.20),
(2918, 64, '2025-03-09', 123.20),
(2919, 64, '2025-03-10', 99.80),
(2920, 64, '2025-03-11', 122.50),
(2921, 64, '2025-03-12', 102.80),
(2922, 64, '2025-03-14', 113.30),
(2923, 64, '2025-03-15', 108.40),
(2924, 64, '2025-03-16', 118.40),
(2925, 64, '2025-03-17', 102.60),
(2926, 64, '2025-03-18', 98.80),
(2927, 64, '2025-03-19', 125.20),
(2928, 64, '2025-03-21', 122.50),
(2929, 64, '2025-03-22', 110.00),
(2930, 64, '2025-03-23', 116.40),
(2931, 64, '2025-03-24', 95.10),
(2932, 64, '2025-03-25', 95.60),
(2933, 64, '2025-03-26', 104.50),
(2934, 64, '2025-03-28', 100.50),
(2935, 64, '2025-03-29', 121.90),
(2936, 64, '2025-03-30', 115.70),
(2937, 64, '2025-03-31', 115.00),
(2938, 65, '2025-03-01', 122.60),
(2939, 65, '2025-03-02', 137.00),
(2940, 65, '2025-03-05', 141.80),
(2941, 65, '2025-03-06', 136.02),
(2942, 65, '2025-03-07', 149.50),
(2943, 65, '2025-03-08', 135.90),
(2944, 65, '2025-03-09', 142.20),
(2945, 65, '2025-03-12', 154.30),
(2946, 65, '2025-03-13', 147.60),
(2947, 65, '2025-03-14', 135.40),
(2948, 65, '2025-03-15', 150.50),
(2949, 65, '2025-03-16', 138.30),
(2950, 65, '2025-03-19', 129.20),
(2951, 65, '2025-03-20', 138.20),
(2952, 65, '2025-03-21', 152.50),
(2953, 65, '2025-03-22', 146.00),
(2954, 65, '2025-03-23', 120.60),
(2955, 65, '2025-03-26', 121.90),
(2956, 65, '2025-03-27', 137.30),
(2957, 65, '2025-03-28', 146.00),
(2958, 65, '2025-03-29', 154.90),
(2959, 65, '2025-03-30', 62.28),
(2960, 66, '2025-03-02', 108.30),
(2961, 66, '2025-03-03', 103.40),
(2962, 66, '2025-03-04', 126.10),
(2963, 66, '2025-03-05', 102.50),
(2964, 66, '2025-03-06', 132.03),
(2965, 66, '2025-03-07', 119.70),
(2966, 66, '2025-03-09', 121.70),
(2967, 66, '2025-03-10', 119.20),
(2968, 66, '2025-03-11', 107.30),
(2969, 66, '2025-03-12', 130.00),
(2970, 66, '2025-03-13', 99.20),
(2971, 66, '2025-03-14', 108.60),
(2972, 66, '2025-03-16', 101.70),
(2973, 66, '2025-03-17', 100.60),
(2974, 66, '2025-03-18', 123.60),
(2975, 66, '2025-03-19', 123.50),
(2976, 66, '2025-03-20', 131.50),
(2977, 66, '2025-03-21', 102.80),
(2978, 66, '2025-03-23', 122.30),
(2979, 66, '2025-03-24', 116.00),
(2980, 66, '2025-03-25', 126.90),
(2981, 66, '2025-03-26', 112.90),
(2982, 66, '2025-03-27', 102.90),
(2983, 66, '2025-03-28', 125.00),
(2984, 66, '2025-03-30', 114.30),
(2985, 66, '2025-03-31', 117.97),
(2986, 67, '2025-03-01', 127.05),
(2987, 67, '2025-03-03', 148.10),
(2988, 67, '2025-03-04', 139.70),
(2989, 67, '2025-03-05', 149.02),
(2990, 67, '2025-03-06', 125.00),
(2991, 67, '2025-03-08', 137.50),
(2992, 67, '2025-03-10', 128.70),
(2993, 67, '2025-03-11', 119.70),
(2994, 67, '2025-03-12', 130.01),
(2995, 67, '2025-03-13', 147.70),
(2996, 67, '2025-03-15', 136.60),
(2997, 67, '2025-03-17', 153.80),
(2998, 67, '2025-03-18', 151.90),
(2999, 67, '2025-03-19', 138.90),
(3000, 67, '2025-03-20', 134.30),
(3001, 67, '2025-03-22', 132.60),
(3002, 67, '2025-03-24', 141.30),
(3003, 67, '2025-03-25', 138.10),
(3004, 67, '2025-03-26', 118.30),
(3005, 67, '2025-03-27', 143.50),
(3006, 67, '2025-03-29', 146.10),
(3007, 67, '2025-03-31', 112.12),
(3008, 68, '2025-03-01', 112.50),
(3009, 68, '2025-03-02', 116.40),
(3010, 68, '2025-03-03', 112.20),
(3011, 68, '2025-03-04', 114.20),
(3012, 68, '2025-03-05', 122.40),
(3013, 68, '2025-03-06', 118.09),
(3014, 68, '2025-03-08', 96.50),
(3015, 68, '2025-03-09', 115.40),
(3016, 68, '2025-03-10', 103.40),
(3017, 68, '2025-03-11', 108.40),
(3018, 68, '2025-03-12', 96.70),
(3019, 68, '2025-03-13', 105.90),
(3020, 68, '2025-03-15', 126.30),
(3021, 68, '2025-03-16', 122.80),
(3022, 68, '2025-03-17', 124.70),
(3023, 68, '2025-03-18', 99.90),
(3024, 68, '2025-03-19', 110.30),
(3025, 68, '2025-03-20', 96.60),
(3026, 68, '2025-03-22', 113.90),
(3027, 68, '2025-03-23', 95.70),
(3028, 68, '2025-03-24', 115.90),
(3029, 68, '2025-03-25', 105.30),
(3030, 68, '2025-03-26', 124.20),
(3031, 68, '2025-03-27', 121.00),
(3032, 68, '2025-03-29', 105.50),
(3033, 68, '2025-03-30', 94.90),
(3034, 68, '2025-03-31', 120.91),
(3035, 69, '2025-03-01', 138.60),
(3036, 69, '2025-03-02', 111.40),
(3037, 69, '2025-03-03', 117.80),
(3038, 69, '2025-03-05', 149.80),
(3039, 69, '2025-03-07', 112.10),
(3040, 69, '2025-03-08', 124.20),
(3041, 69, '2025-03-09', 131.30),
(3042, 69, '2025-03-10', 127.03),
(3043, 69, '2025-03-12', 121.90),
(3044, 69, '2025-03-14', 142.40),
(3045, 69, '2025-03-15', 125.90),
(3046, 69, '2025-03-16', 111.07),
(3047, 69, '2025-03-17', 140.90),
(3048, 69, '2025-03-19', 141.40),
(3049, 69, '2025-03-21', 145.30),
(3050, 69, '2025-03-22', 121.30),
(3051, 69, '2025-03-23', 113.30),
(3052, 69, '2025-03-24', 129.30),
(3053, 69, '2025-03-26', 149.60),
(3054, 69, '2025-03-28', 133.20),
(3055, 69, '2025-03-29', 146.70),
(3056, 69, '2025-03-30', 131.70),
(3057, 69, '2025-03-31', 133.80),
(3058, 70, '2025-03-01', 109.30),
(3059, 70, '2025-03-02', 112.60),
(3060, 70, '2025-03-04', 128.80),
(3061, 70, '2025-03-05', 109.80),
(3062, 70, '2025-03-06', 124.80),
(3063, 70, '2025-03-07', 113.00),
(3064, 70, '2025-03-08', 129.20),
(3065, 70, '2025-03-09', 129.70),
(3066, 70, '2025-03-11', 116.50),
(3067, 70, '2025-03-12', 124.80),
(3068, 70, '2025-03-13', 122.00),
(3069, 70, '2025-03-14', 126.20),
(3070, 70, '2025-03-15', 103.70),
(3071, 70, '2025-03-16', 101.20),
(3072, 70, '2025-03-18', 119.00),
(3073, 70, '2025-03-19', 107.70),
(3074, 70, '2025-03-20', 111.70),
(3075, 70, '2025-03-21', 116.80),
(3076, 70, '2025-03-22', 105.02),
(3077, 70, '2025-03-23', 132.30),
(3078, 70, '2025-03-25', 104.50),
(3079, 70, '2025-03-26', 116.08),
(3080, 70, '2025-03-27', 123.80),
(3081, 70, '2025-03-28', 128.30),
(3082, 70, '2025-03-29', 100.60),
(3083, 70, '2025-03-30', 82.60),
(3084, 71, '2025-03-01', 142.80),
(3085, 71, '2025-03-02', 161.80),
(3086, 71, '2025-03-03', 158.90),
(3087, 71, '2025-03-05', 142.30),
(3088, 71, '2025-03-08', 137.60),
(3089, 71, '2025-03-09', 156.40),
(3090, 71, '2025-03-10', 153.50),
(3091, 71, '2025-03-12', 142.60),
(3092, 71, '2025-03-15', 159.06),
(3093, 71, '2025-03-16', 159.80),
(3094, 71, '2025-03-17', 154.70),
(3095, 71, '2025-03-19', 135.09),
(3096, 71, '2025-03-22', 167.40),
(3097, 71, '2025-03-23', 145.50),
(3098, 71, '2025-03-24', 175.60),
(3099, 71, '2025-03-26', 150.40),
(3100, 71, '2025-03-29', 152.10),
(3101, 71, '2025-03-30', 149.90),
(3102, 71, '2025-03-31', 254.55),
(3103, 72, '2025-03-02', 147.20),
(3104, 72, '2025-03-03', 134.30),
(3105, 72, '2025-03-04', 133.00),
(3106, 72, '2025-03-06', 156.80),
(3107, 72, '2025-03-07', 126.10),
(3108, 72, '2025-03-09', 134.07),
(3109, 72, '2025-03-10', 147.00),
(3110, 72, '2025-03-11', 146.03),
(3111, 72, '2025-03-13', 140.80),
(3112, 72, '2025-03-14', 125.90),
(3113, 72, '2025-03-16', 116.50),
(3114, 72, '2025-03-17', 151.08),
(3115, 72, '2025-03-18', 132.00),
(3116, 72, '2025-03-20', 139.10),
(3117, 72, '2025-03-21', 136.40),
(3118, 72, '2025-03-23', 150.90),
(3119, 72, '2025-03-24', 150.00),
(3120, 72, '2025-03-25', 118.08),
(3121, 72, '2025-03-27', 126.70),
(3122, 72, '2025-03-28', 121.90),
(3123, 72, '2025-03-30', 136.20),
(3124, 72, '2025-03-31', 129.94),
(3125, 73, '2025-03-02', 229.20),
(3126, 73, '2025-03-03', 217.80),
(3127, 73, '2025-03-05', 193.40),
(3128, 73, '2025-03-09', 204.00),
(3129, 73, '2025-03-10', 238.90),
(3130, 73, '2025-03-12', 220.20),
(3131, 73, '2025-03-16', 184.80),
(3132, 73, '2025-03-17', 220.01),
(3133, 73, '2025-03-19', 210.40),
(3134, 73, '2025-03-23', 231.60),
(3135, 73, '2025-03-24', 195.20),
(3136, 73, '2025-03-26', 202.80),
(3137, 73, '2025-03-30', 212.70),
(3138, 73, '2025-03-31', 238.99),
(3139, 74, '2025-03-01', 134.90),
(3140, 74, '2025-03-03', 128.40),
(3141, 74, '2025-03-04', 143.00),
(3142, 74, '2025-03-05', 152.10),
(3143, 74, '2025-03-06', 122.20),
(3144, 74, '2025-03-08', 135.90),
(3145, 74, '2025-03-10', 125.30),
(3146, 74, '2025-03-11', 129.90),
(3147, 74, '2025-03-12', 135.90),
(3148, 74, '2025-03-13', 128.70),
(3149, 74, '2025-03-15', 144.90),
(3150, 74, '2025-03-17', 154.30),
(3151, 74, '2025-03-18', 136.50),
(3152, 74, '2025-03-19', 125.70),
(3153, 74, '2025-03-20', 149.90),
(3154, 74, '2025-03-22', 127.04),
(3155, 74, '2025-03-24', 154.30),
(3156, 74, '2025-03-25', 145.70),
(3157, 74, '2025-03-26', 130.00),
(3158, 74, '2025-03-27', 140.60),
(3159, 74, '2025-03-29', 139.09),
(3160, 74, '2025-03-31', 115.67),
(3161, 75, '2025-03-02', 142.90),
(3162, 75, '2025-03-03', 149.80),
(3163, 75, '2025-03-04', 138.20),
(3164, 75, '2025-03-06', 121.90);
INSERT INTO `incassi_taxi` (`id`, `tassista_id`, `data_incasso`, `valore_incasso`) VALUES
(3165, 75, '2025-03-07', 150.30),
(3166, 75, '2025-03-09', 141.60),
(3167, 75, '2025-03-10', 150.80),
(3168, 75, '2025-03-11', 120.80),
(3169, 75, '2025-03-13', 142.40),
(3170, 75, '2025-03-14', 127.20),
(3171, 75, '2025-03-16', 119.60),
(3172, 75, '2025-03-17', 127.20),
(3173, 75, '2025-03-18', 146.70),
(3174, 75, '2025-03-20', 146.70),
(3175, 75, '2025-03-21', 123.80),
(3176, 75, '2025-03-23', 122.40),
(3177, 75, '2025-03-24', 133.50),
(3178, 75, '2025-03-25', 155.60),
(3179, 75, '2025-03-27', 151.40),
(3180, 75, '2025-03-28', 125.20),
(3181, 75, '2025-03-30', 134.70),
(3182, 75, '2025-03-31', 127.30),
(3183, 76, '2025-03-01', 99.80),
(3184, 76, '2025-03-02', 111.04),
(3185, 76, '2025-03-03', 124.80),
(3186, 76, '2025-03-05', 100.80),
(3187, 76, '2025-03-06', 110.30),
(3188, 76, '2025-03-07', 109.20),
(3189, 76, '2025-03-08', 104.20),
(3190, 76, '2025-03-09', 109.80),
(3191, 76, '2025-03-10', 115.40),
(3192, 76, '2025-03-12', 123.60),
(3193, 76, '2025-03-13', 126.50),
(3194, 76, '2025-03-14', 102.50),
(3195, 76, '2025-03-15', 110.50),
(3196, 76, '2025-03-16', 121.50),
(3197, 76, '2025-03-17', 109.80),
(3198, 76, '2025-03-19', 122.90),
(3199, 76, '2025-03-20', 112.70),
(3200, 76, '2025-03-21', 99.20),
(3201, 76, '2025-03-22', 98.10),
(3202, 76, '2025-03-23', 123.60),
(3203, 76, '2025-03-24', 125.90),
(3204, 76, '2025-03-26', 121.90),
(3205, 76, '2025-03-27', 125.60),
(3206, 76, '2025-03-28', 116.50),
(3207, 76, '2025-03-29', 96.80),
(3208, 76, '2025-03-30', 122.30),
(3209, 76, '2025-03-31', 54.76),
(3210, 77, '2025-03-04', 281.40),
(3211, 77, '2025-03-05', 260.80),
(3212, 77, '2025-03-06', 252.60),
(3213, 77, '2025-03-11', 239.90),
(3214, 77, '2025-03-12', 229.80),
(3215, 77, '2025-03-13', 269.40),
(3216, 77, '2025-03-18', 273.30),
(3217, 77, '2025-03-19', 242.05),
(3218, 77, '2025-03-20', 229.00),
(3219, 77, '2025-03-25', 214.40),
(3220, 77, '2025-03-26', 212.60),
(3221, 77, '2025-03-27', 294.75),
(3222, 78, '2025-03-01', 120.20),
(3223, 78, '2025-03-02', 139.90),
(3224, 78, '2025-03-03', 121.80),
(3225, 78, '2025-03-04', 138.30),
(3226, 78, '2025-03-05', 125.80),
(3227, 78, '2025-03-08', 147.50),
(3228, 78, '2025-03-09', 134.90),
(3229, 78, '2025-03-10', 116.80),
(3230, 78, '2025-03-11', 115.60),
(3231, 78, '2025-03-12', 126.60),
(3232, 78, '2025-03-15', 114.70),
(3233, 78, '2025-03-16', 120.40),
(3234, 78, '2025-03-17', 137.20),
(3235, 78, '2025-03-18', 141.90),
(3236, 78, '2025-03-19', 136.20),
(3237, 78, '2025-03-22', 117.70),
(3238, 78, '2025-03-23', 141.20),
(3239, 78, '2025-03-24', 129.70),
(3240, 78, '2025-03-25', 120.70),
(3241, 78, '2025-03-26', 119.20),
(3242, 78, '2025-03-29', 132.50),
(3243, 78, '2025-03-30', 149.09),
(3244, 78, '2025-03-31', 152.11),
(3245, 79, '2025-03-01', 197.60),
(3246, 79, '2025-03-02', 238.03),
(3247, 79, '2025-03-07', 195.30),
(3248, 79, '2025-03-08', 241.03),
(3249, 79, '2025-03-09', 215.10),
(3250, 79, '2025-03-14', 240.80),
(3251, 79, '2025-03-15', 193.20),
(3252, 79, '2025-03-16', 235.30),
(3253, 79, '2025-03-21', 223.70),
(3254, 79, '2025-03-22', 211.40),
(3255, 79, '2025-03-23', 231.90),
(3256, 79, '2025-03-28', 196.09),
(3257, 79, '2025-03-29', 245.80),
(3258, 79, '2025-03-30', 134.75),
(3259, 80, '2025-03-01', 100.30),
(3260, 80, '2025-03-02', 111.50),
(3261, 80, '2025-03-04', 100.08),
(3262, 80, '2025-03-05', 128.10),
(3263, 80, '2025-03-06', 113.60),
(3264, 80, '2025-03-07', 115.50),
(3265, 80, '2025-03-08', 128.30),
(3266, 80, '2025-03-09', 122.80),
(3267, 80, '2025-03-11', 120.10),
(3268, 80, '2025-03-12', 104.60),
(3269, 80, '2025-03-13', 129.30),
(3270, 80, '2025-03-14', 127.40),
(3271, 80, '2025-03-15', 109.30),
(3272, 80, '2025-03-16', 123.20),
(3273, 80, '2025-03-18', 132.40),
(3274, 80, '2025-03-19', 113.70),
(3275, 80, '2025-03-20', 108.06),
(3276, 80, '2025-03-21', 112.70),
(3277, 80, '2025-03-22', 126.30),
(3278, 80, '2025-03-23', 103.20),
(3279, 80, '2025-03-25', 125.70),
(3280, 80, '2025-03-26', 126.00),
(3281, 80, '2025-03-27', 116.40),
(3282, 80, '2025-03-28', 102.60),
(3283, 80, '2025-03-29', 131.50),
(3284, 80, '2025-03-30', 67.36),
(3285, 81, '2025-03-01', 119.60),
(3286, 81, '2025-03-02', 109.20),
(3287, 81, '2025-03-03', 112.90),
(3288, 81, '2025-03-05', 121.60),
(3289, 81, '2025-03-06', 107.50),
(3290, 81, '2025-03-07', 112.30),
(3291, 81, '2025-03-08', 126.09),
(3292, 81, '2025-03-09', 103.60),
(3293, 81, '2025-03-10', 111.30),
(3294, 81, '2025-03-12', 106.50),
(3295, 81, '2025-03-13', 97.00),
(3296, 81, '2025-03-14', 123.80),
(3297, 81, '2025-03-15', 101.20),
(3298, 81, '2025-03-16', 115.80),
(3299, 81, '2025-03-17', 101.60),
(3300, 81, '2025-03-19', 127.04),
(3301, 81, '2025-03-20', 103.00),
(3302, 81, '2025-03-21', 118.10),
(3303, 81, '2025-03-22', 123.00),
(3304, 81, '2025-03-23', 118.00),
(3305, 81, '2025-03-24', 100.30),
(3306, 81, '2025-03-26', 114.00),
(3307, 81, '2025-03-27', 121.50),
(3308, 81, '2025-03-28', 97.40),
(3309, 81, '2025-03-29', 97.07),
(3310, 81, '2025-03-30', 97.10),
(3311, 81, '2025-03-31', 113.50),
(3312, 82, '2025-03-01', 111.60),
(3313, 82, '2025-03-02', 120.40),
(3314, 82, '2025-03-03', 127.00),
(3315, 82, '2025-03-04', 128.10),
(3316, 82, '2025-03-05', 128.80),
(3317, 82, '2025-03-08', 146.80),
(3318, 82, '2025-03-09', 118.80),
(3319, 82, '2025-03-10', 135.00),
(3320, 82, '2025-03-11', 119.20),
(3321, 82, '2025-03-12', 131.40),
(3322, 82, '2025-03-15', 130.70),
(3323, 82, '2025-03-16', 134.40),
(3324, 82, '2025-03-17', 134.40),
(3325, 82, '2025-03-18', 142.50),
(3326, 82, '2025-03-19', 112.03),
(3327, 82, '2025-03-22', 126.60),
(3328, 82, '2025-03-23', 145.50),
(3329, 82, '2025-03-24', 122.60),
(3330, 82, '2025-03-25', 129.70),
(3331, 82, '2025-03-26', 122.70),
(3332, 82, '2025-03-29', 121.02),
(3333, 82, '2025-03-30', 132.70),
(3334, 82, '2025-03-31', 178.05),
(3335, 83, '2025-03-03', 231.70),
(3336, 83, '2025-03-05', 264.70),
(3337, 83, '2025-03-07', 196.60),
(3338, 83, '2025-03-10', 241.50),
(3339, 83, '2025-03-12', 256.40),
(3340, 83, '2025-03-14', 251.90),
(3341, 83, '2025-03-17', 239.60),
(3342, 83, '2025-03-19', 202.10),
(3343, 83, '2025-03-21', 229.06),
(3344, 83, '2025-03-24', 249.60),
(3345, 83, '2025-03-26', 197.01),
(3346, 83, '2025-03-28', 210.40),
(3347, 83, '2025-03-31', 229.43),
(3348, 84, '2025-03-01', 147.50),
(3349, 84, '2025-03-03', 146.90),
(3350, 84, '2025-03-05', 152.00),
(3351, 84, '2025-03-06', 116.10),
(3352, 84, '2025-03-07', 144.40),
(3353, 84, '2025-03-08', 135.90),
(3354, 84, '2025-03-10', 141.80),
(3355, 84, '2025-03-12', 138.40),
(3356, 84, '2025-03-13', 118.50),
(3357, 84, '2025-03-14', 148.02),
(3358, 84, '2025-03-15', 140.30),
(3359, 84, '2025-03-17', 125.20),
(3360, 84, '2025-03-19', 155.05),
(3361, 84, '2025-03-20', 143.05),
(3362, 84, '2025-03-21', 131.50),
(3363, 84, '2025-03-22', 129.00),
(3364, 84, '2025-03-24', 122.06),
(3365, 84, '2025-03-26', 152.50),
(3366, 84, '2025-03-27', 151.50),
(3367, 84, '2025-03-28', 149.40),
(3368, 84, '2025-03-29', 137.20),
(3369, 84, '2025-03-31', 73.72),
(3370, 85, '2025-03-02', 250.30),
(3371, 85, '2025-03-06', 234.80),
(3372, 85, '2025-03-07', 222.50),
(3373, 85, '2025-03-09', 224.70),
(3374, 85, '2025-03-13', 238.70),
(3375, 85, '2025-03-14', 221.90),
(3376, 85, '2025-03-16', 207.20),
(3377, 85, '2025-03-20', 203.80),
(3378, 85, '2025-03-21', 262.80),
(3379, 85, '2025-03-23', 248.00),
(3380, 85, '2025-03-27', 254.40),
(3381, 85, '2025-03-28', 243.50),
(3382, 85, '2025-03-30', 187.40),
(3383, 86, '2025-03-02', 139.70),
(3384, 86, '2025-03-03', 135.90),
(3385, 86, '2025-03-04', 152.40),
(3386, 86, '2025-03-05', 121.20),
(3387, 86, '2025-03-06', 127.90),
(3388, 86, '2025-03-09', 134.90),
(3389, 86, '2025-03-10', 138.70),
(3390, 86, '2025-03-11', 155.40),
(3391, 86, '2025-03-12', 155.10),
(3392, 86, '2025-03-13', 126.40),
(3393, 86, '2025-03-16', 140.30),
(3394, 86, '2025-03-17', 139.20),
(3395, 86, '2025-03-18', 156.10),
(3396, 86, '2025-03-19', 141.04),
(3397, 86, '2025-03-20', 124.10),
(3398, 86, '2025-03-23', 136.40),
(3399, 86, '2025-03-24', 148.90),
(3400, 86, '2025-03-25', 134.90),
(3401, 86, '2025-03-26', 116.70),
(3402, 86, '2025-03-27', 131.90),
(3403, 86, '2025-03-30', 123.05),
(3404, 86, '2025-03-31', 119.81),
(3405, 87, '2025-03-03', 261.20),
(3406, 87, '2025-03-05', 263.10),
(3407, 87, '2025-03-07', 231.09),
(3408, 87, '2025-03-10', 247.50),
(3409, 87, '2025-03-12', 204.70),
(3410, 87, '2025-03-14', 213.30),
(3411, 87, '2025-03-17', 246.00),
(3412, 87, '2025-03-19', 240.50),
(3413, 87, '2025-03-21', 264.60),
(3414, 87, '2025-03-24', 202.20),
(3415, 87, '2025-03-26', 247.30),
(3416, 87, '2025-03-28', 242.60),
(3417, 87, '2025-03-31', 135.91),
(3418, 88, '2025-03-02', 188.50),
(3419, 88, '2025-03-03', 167.60),
(3420, 88, '2025-03-05', 173.03),
(3421, 88, '2025-03-06', 152.80),
(3422, 88, '2025-03-09', 165.60),
(3423, 88, '2025-03-10', 176.90),
(3424, 88, '2025-03-12', 161.08),
(3425, 88, '2025-03-13', 176.90),
(3426, 88, '2025-03-16', 166.60),
(3427, 88, '2025-03-17', 161.00),
(3428, 88, '2025-03-19', 153.40),
(3429, 88, '2025-03-20', 146.05),
(3430, 88, '2025-03-23', 156.00),
(3431, 88, '2025-03-24', 187.50),
(3432, 88, '2025-03-26', 174.70),
(3433, 88, '2025-03-27', 171.40),
(3434, 88, '2025-03-30', 150.10),
(3435, 88, '2025-03-31', 170.84),
(3436, 89, '2025-03-01', 143.30),
(3437, 89, '2025-03-02', 141.09),
(3438, 89, '2025-03-03', 150.40),
(3439, 89, '2025-03-04', 159.60),
(3440, 89, '2025-03-08', 156.30),
(3441, 89, '2025-03-09', 175.00),
(3442, 89, '2025-03-10', 164.30),
(3443, 89, '2025-03-11', 158.90),
(3444, 89, '2025-03-15', 157.70),
(3445, 89, '2025-03-16', 148.90),
(3446, 89, '2025-03-17', 138.10),
(3447, 89, '2025-03-18', 165.30),
(3448, 89, '2025-03-22', 172.30),
(3449, 89, '2025-03-23', 149.20),
(3450, 89, '2025-03-24', 169.70),
(3451, 89, '2025-03-25', 143.80),
(3452, 89, '2025-03-29', 156.20),
(3453, 89, '2025-03-30', 167.00),
(3454, 89, '2025-03-31', 182.91),
(3455, 90, '2025-03-04', 197.20),
(3456, 90, '2025-03-05', 188.80),
(3457, 90, '2025-03-06', 174.20),
(3458, 90, '2025-03-07', 189.80),
(3459, 90, '2025-03-11', 159.80),
(3460, 90, '2025-03-12', 186.70),
(3461, 90, '2025-03-13', 209.90),
(3462, 90, '2025-03-14', 176.90),
(3463, 90, '2025-03-18', 160.40),
(3464, 90, '2025-03-19', 201.40),
(3465, 90, '2025-03-20', 202.40),
(3466, 90, '2025-03-21', 207.60),
(3467, 90, '2025-03-25', 167.20),
(3468, 90, '2025-03-26', 214.80),
(3469, 90, '2025-03-27', 173.50),
(3470, 90, '2025-03-28', 189.40),
(3471, 91, '2025-03-02', 245.20),
(3472, 91, '2025-03-05', 228.70),
(3473, 91, '2025-03-06', 247.90),
(3474, 91, '2025-03-09', 241.00),
(3475, 91, '2025-03-12', 212.80),
(3476, 91, '2025-03-13', 211.10),
(3477, 91, '2025-03-16', 262.90),
(3478, 91, '2025-03-19', 253.60),
(3479, 91, '2025-03-20', 240.30),
(3480, 91, '2025-03-23', 245.40),
(3481, 91, '2025-03-26', 256.00),
(3482, 91, '2025-03-27', 218.00),
(3483, 91, '2025-03-30', 137.10),
(3484, 92, '2025-03-01', 167.40),
(3485, 92, '2025-03-03', 144.20),
(3486, 92, '2025-03-05', 160.60),
(3487, 92, '2025-03-07', 156.20),
(3488, 92, '2025-03-08', 158.50),
(3489, 92, '2025-03-10', 147.70),
(3490, 92, '2025-03-12', 154.80),
(3491, 92, '2025-03-14', 160.07),
(3492, 92, '2025-03-15', 188.30),
(3493, 92, '2025-03-17', 176.60),
(3494, 92, '2025-03-19', 153.00),
(3495, 92, '2025-03-21', 161.30),
(3496, 92, '2025-03-22', 185.30),
(3497, 92, '2025-03-24', 185.40),
(3498, 92, '2025-03-26', 181.07),
(3499, 92, '2025-03-28', 155.80),
(3500, 92, '2025-03-29', 160.07),
(3501, 92, '2025-03-31', 203.69),
(3502, 93, '2025-03-02', 152.20),
(3503, 93, '2025-03-03', 142.50),
(3504, 93, '2025-03-05', 128.70),
(3505, 93, '2025-03-06', 116.60),
(3506, 93, '2025-03-07', 116.60),
(3507, 93, '2025-03-09', 151.30),
(3508, 93, '2025-03-10', 125.60),
(3509, 93, '2025-03-12', 140.60),
(3510, 93, '2025-03-13', 155.05),
(3511, 93, '2025-03-14', 151.60),
(3512, 93, '2025-03-16', 150.50),
(3513, 93, '2025-03-17', 148.30),
(3514, 93, '2025-03-19', 116.70),
(3515, 93, '2025-03-20', 128.40),
(3516, 93, '2025-03-21', 148.80),
(3517, 93, '2025-03-23', 123.50),
(3518, 93, '2025-03-24', 117.10),
(3519, 93, '2025-03-26', 140.80),
(3520, 93, '2025-03-27', 139.00),
(3521, 93, '2025-03-28', 148.80),
(3522, 93, '2025-03-30', 142.20),
(3523, 93, '2025-03-31', 115.15),
(3524, 94, '2025-03-02', 132.30),
(3525, 94, '2025-03-04', 163.40),
(3526, 94, '2025-03-05', 136.70),
(3527, 94, '2025-03-06', 157.00),
(3528, 94, '2025-03-07', 151.70),
(3529, 94, '2025-03-09', 136.90),
(3530, 94, '2025-03-11', 125.50),
(3531, 94, '2025-03-12', 162.90),
(3532, 94, '2025-03-13', 156.50),
(3533, 94, '2025-03-14', 146.40),
(3534, 94, '2025-03-16', 128.60),
(3535, 94, '2025-03-18', 140.10),
(3536, 94, '2025-03-19', 141.40),
(3537, 94, '2025-03-20', 128.90),
(3538, 94, '2025-03-21', 129.20),
(3539, 94, '2025-03-23', 141.10),
(3540, 94, '2025-03-25', 140.50),
(3541, 94, '2025-03-26', 130.50),
(3542, 94, '2025-03-27', 163.80),
(3543, 94, '2025-03-28', 141.20),
(3544, 94, '2025-03-30', 145.40),
(3545, 95, '2025-03-01', 243.80),
(3546, 95, '2025-03-02', 182.20),
(3547, 95, '2025-03-07', 224.01),
(3548, 95, '2025-03-08', 214.20),
(3549, 95, '2025-03-09', 213.30),
(3550, 95, '2025-03-14', 190.50),
(3551, 95, '2025-03-15', 186.70),
(3552, 95, '2025-03-16', 235.20),
(3553, 95, '2025-03-21', 204.30),
(3554, 95, '2025-03-22', 205.20),
(3555, 95, '2025-03-23', 244.10),
(3556, 95, '2025-03-28', 231.10),
(3557, 95, '2025-03-29', 216.40),
(3558, 95, '2025-03-30', 208.99),
(3559, 96, '2025-03-01', 116.50),
(3560, 96, '2025-03-02', 107.30),
(3561, 96, '2025-03-03', 126.80),
(3562, 96, '2025-03-04', 123.10),
(3563, 96, '2025-03-05', 119.03),
(3564, 96, '2025-03-07', 121.90),
(3565, 96, '2025-03-08', 95.60),
(3566, 96, '2025-03-09', 95.60),
(3567, 96, '2025-03-10', 104.00),
(3568, 96, '2025-03-11', 119.40),
(3569, 96, '2025-03-12', 105.80),
(3570, 96, '2025-03-14', 100.40),
(3571, 96, '2025-03-15', 109.00),
(3572, 96, '2025-03-16', 115.40),
(3573, 96, '2025-03-17', 104.01),
(3574, 96, '2025-03-18', 101.30),
(3575, 96, '2025-03-19', 109.07),
(3576, 96, '2025-03-21', 106.70),
(3577, 96, '2025-03-22', 109.90),
(3578, 96, '2025-03-23', 104.06),
(3579, 96, '2025-03-24', 116.60),
(3580, 96, '2025-03-25', 98.90),
(3581, 96, '2025-03-26', 104.50),
(3582, 96, '2025-03-28', 102.80),
(3583, 96, '2025-03-29', 126.50),
(3584, 96, '2025-03-30', 120.30),
(3585, 96, '2025-03-31', 135.53),
(3586, 97, '2025-03-02', 141.50),
(3587, 97, '2025-03-03', 150.70),
(3588, 97, '2025-03-04', 142.40),
(3589, 97, '2025-03-05', 156.20),
(3590, 97, '2025-03-06', 140.30),
(3591, 97, '2025-03-09', 127.06),
(3592, 97, '2025-03-10', 119.80),
(3593, 97, '2025-03-11', 154.01),
(3594, 97, '2025-03-12', 144.20),
(3595, 97, '2025-03-13', 130.80),
(3596, 97, '2025-03-16', 129.30),
(3597, 97, '2025-03-17', 120.90),
(3598, 97, '2025-03-18', 118.80),
(3599, 97, '2025-03-19', 129.80),
(3600, 97, '2025-03-20', 131.60),
(3601, 97, '2025-03-23', 143.30),
(3602, 97, '2025-03-24', 119.70),
(3603, 97, '2025-03-25', 134.30),
(3604, 97, '2025-03-26', 128.70),
(3605, 97, '2025-03-27', 141.00),
(3606, 97, '2025-03-30', 152.70),
(3607, 97, '2025-03-31', 142.93),
(3608, 98, '2025-03-01', 119.60),
(3609, 98, '2025-03-02', 108.80),
(3610, 98, '2025-03-03', 122.60),
(3611, 98, '2025-03-04', 116.10),
(3612, 98, '2025-03-05', 115.90),
(3613, 98, '2025-03-07', 98.80),
(3614, 98, '2025-03-08', 114.09),
(3615, 98, '2025-03-09', 115.07),
(3616, 98, '2025-03-10', 110.80),
(3617, 98, '2025-03-11', 127.80),
(3618, 98, '2025-03-12', 110.00),
(3619, 98, '2025-03-14', 109.03),
(3620, 98, '2025-03-15', 100.02),
(3621, 98, '2025-03-16', 124.80),
(3622, 98, '2025-03-17', 126.20),
(3623, 98, '2025-03-18', 121.30),
(3624, 98, '2025-03-19', 101.40),
(3625, 98, '2025-03-21', 97.90),
(3626, 98, '2025-03-22', 112.40),
(3627, 98, '2025-03-23', 124.40),
(3628, 98, '2025-03-24', 114.90),
(3629, 98, '2025-03-25', 108.00),
(3630, 98, '2025-03-26', 126.30),
(3631, 98, '2025-03-28', 98.70),
(3632, 98, '2025-03-29', 103.50),
(3633, 98, '2025-03-30', 102.90),
(3634, 98, '2025-03-31', 68.69),
(3635, 99, '2025-03-05', 262.20),
(3636, 99, '2025-03-06', 252.20),
(3637, 99, '2025-03-07', 255.10),
(3638, 99, '2025-03-12', 247.40),
(3639, 99, '2025-03-13', 217.00),
(3640, 99, '2025-03-14', 217.70),
(3641, 99, '2025-03-19', 275.70),
(3642, 99, '2025-03-20', 233.50),
(3643, 99, '2025-03-21', 229.00),
(3644, 99, '2025-03-26', 282.70),
(3645, 99, '2025-03-27', 212.80),
(3646, 99, '2025-03-28', 314.70),
(3647, 100, '2025-03-02', 259.70),
(3648, 100, '2025-03-04', 250.02),
(3649, 100, '2025-03-05', 211.60),
(3650, 100, '2025-03-09', 211.00),
(3651, 100, '2025-03-11', 239.50),
(3652, 100, '2025-03-12', 263.40),
(3653, 100, '2025-03-16', 238.50),
(3654, 100, '2025-03-18', 224.40),
(3655, 100, '2025-03-19', 201.20),
(3656, 100, '2025-03-23', 232.30),
(3657, 100, '2025-03-25', 264.20),
(3658, 100, '2025-03-26', 246.20),
(3659, 100, '2025-03-30', 157.98);

-- --------------------------------------------------------

--
-- Struttura della tabella `permessi`
--

CREATE TABLE `permessi` (
  `id` int(11) NOT NULL,
  `permesso` varchar(255) NOT NULL,
  `descrizione` text NOT NULL,
  `data` datetime NOT NULL DEFAULT current_timestamp()
) ENGINE=InnoDB DEFAULT CHARSET=utf8mb4 COLLATE=utf8mb4_general_ci;

--
-- Dump dei dati per la tabella `permessi`
--

INSERT INTO `permessi` (`id`, `permesso`, `descrizione`, `data`) VALUES
(1, 'all', 'Abilitazione a tutti i permessi', '2024-11-03 11:39:12'),
(2, 'utenti', 'Abilitazione alla gestione degll\'app', '2024-11-03 11:39:12'),
(3, 'admin', 'Abilitazione alla gestione', '2024-11-03 11:44:39'),
(4, 'fornitori', 'Abilitazione alla gestione degli Fornitori', '2024-11-03 11:44:39'),
(5, 'clienti', 'Abilitazione alla gestione degli Clienti', '2024-11-03 11:44:39'),
(6, 'aziende', 'Abilitazione alla gestione delle Aziende', '2024-11-03 11:44:39'),
(7, 'software', 'Abilitazione alla gestione dei Software', '2024-11-03 11:44:39'),
(8, 'domini', 'Abilitazione alla gestione dei Domini', '2024-11-03 11:44:39'),
(9, 'leads', 'Abilitazione alla gestione delle Leads ', '2024-11-03 11:44:39'),
(10, 'newsletter', 'Abilitazione alla gestione della Newsletter', '2024-11-03 11:44:39'),
(11, 'commesse', 'Abilitazione alla gestione delle Commesse', '2024-11-03 11:44:39'),
(12, 'crediti', 'Abilitazione alla gestione dei Crediti', '2024-11-03 11:44:39'),
(13, 'debiti', 'Abilitazione alla gestione dei Debiti', '2024-11-03 11:44:39'),
(14, 'shop', 'Abilitazione alla gestione dello Shop', '2024-11-03 11:44:39');

-- --------------------------------------------------------

--
-- Struttura della tabella `rules`
--

CREATE TABLE `rules` (
  `id` int(11) NOT NULL,
  `ruolo` varchar(255) NOT NULL,
  `permessi` varchar(255) NOT NULL,
  `extra` varchar(255) NOT NULL
) ENGINE=InnoDB DEFAULT CHARSET=utf8mb4 COLLATE=utf8mb4_general_ci;

--
-- Dump dei dati per la tabella `rules`
--

INSERT INTO `rules` (`id`, `ruolo`, `permessi`, `extra`) VALUES
(1, 'superadmin', '1,', ','),
(2, 'admin', ',', ','),
(3, 'Operatore', ',', ','),
(13, 'test', '2,', ',');

-- --------------------------------------------------------

--
-- Struttura della tabella `tags`
--

CREATE TABLE `tags` (
  `id` int(11) UNSIGNED NOT NULL,
  `name` varchar(50) NOT NULL
) ENGINE=InnoDB DEFAULT CHARSET=utf8mb4 COLLATE=utf8mb4_general_ci;

--
-- Dump dei dati per la tabella `tags`
--

INSERT INTO `tags` (`id`, `name`) VALUES
(1, 'tag1'),
(2, 'tag2'),
(3, 'tag3');

-- --------------------------------------------------------

--
-- Struttura della tabella `tassisti`
--

CREATE TABLE `tassisti` (
  `id` int(11) NOT NULL,
  `Nome` varchar(255) DEFAULT NULL,
  `Cognome` varchar(255) DEFAULT NULL,
  `Licenza di guida` varchar(255) DEFAULT NULL,
  `Telefono` varchar(20) DEFAULT NULL,
  `Email` varchar(255) DEFAULT NULL,
  `Targa Taxi` varchar(20) DEFAULT NULL,
  `Turni di lavoro` varchar(255) DEFAULT NULL
) ENGINE=InnoDB DEFAULT CHARSET=utf8mb4 COLLATE=utf8mb4_general_ci;

--
-- Dump dei dati per la tabella `tassisti`
--

INSERT INTO `tassisti` (`id`, `Nome`, `Cognome`, `Licenza di guida`, `Telefono`, `Email`, `Targa Taxi`, `Turni di lavoro`) VALUES
(1, 'Paola', 'Bruno', 'JK325D8', '33492684815', 'paola.bruno@example.com', 'TE9055E3', 'a:4:{i:0;s:3:\"Sat\";i:1;s:3:\"Sun\";i:2;s:3:\"Tue\";i:3;s:3:\"Wed\";}'),
(2, 'Andrea', 'Gallo', 'QR3669F', '33600752602', 'andrea.gallo@example.com', 'TE9469B3', 'a:3:{i:0;s:3:\"Thu\";i:1;s:3:\"Tue\";i:2;s:3:\"Wed\";}'),
(3, 'Marco', 'Verdi', 'UV976DC', '33110585594', 'marco.verdi@example.com', 'TF1530BD', 'a:5:{i:0;s:3:\"Fri\";i:1;s:3:\"Mon\";i:2;s:3:\"Sat\";i:3;s:3:\"Thu\";i:4;s:3:\"Tue\";}'),
(4, 'Mario', 'Greco', 'ST245BE', '33249048790', 'mario.greco@example.com', 'TD6413AA', 'a:4:{i:0;s:3:\"Sun\";i:1;s:3:\"Thu\";i:2;s:3:\"Tue\";i:3;s:3:\"Wed\";}'),
(5, 'Simone', 'Ricci', 'LM82721', '33695231082', 'simone.ricci@example.com', 'TD7153BA', 'a:3:{i:0;s:3:\"Mon\";i:1;s:3:\"Sun\";i:2;s:3:\"Tue\";}'),
(6, 'Giovanni', 'Mancini', 'WZ291A1', '33491896978', 'giovanni.mancini@example.com', 'TB9967CC', 'a:3:{i:0;s:3:\"Mon\";i:1;s:3:\"Sun\";i:2;s:3:\"Thu\";}'),
(7, 'Valentina', 'Gallo', 'JK18631', '33753928057', 'valentina.gallo@example.com', 'TE320482', 'a:5:{i:0;s:3:\"Fri\";i:1;s:3:\"Sat\";i:2;s:3:\"Thu\";i:3;s:3:\"Tue\";i:4;s:3:\"Wed\";}'),
(8, 'Chiara', 'Bruno', 'QR398F9', '33526768452', 'chiara.bruno@example.com', 'TE9742B5', 'a:4:{i:0;s:3:\"Mon\";i:1;s:3:\"Sat\";i:2;s:3:\"Sun\";i:3;s:3:\"Wed\";}'),
(9, 'Giulia', 'Greco', 'QR807FB', '33158437668', 'giulia.greco@example.com', 'TA5444EA', 'a:3:{i:0;s:3:\"Mon\";i:1;s:3:\"Sat\";i:2;s:3:\"Thu\";}'),
(10, 'Roberto', 'De Luca', 'OP36091', '33803843916', 'roberto.de.luca@example.com', 'TB573136', 'a:4:{i:0;s:3:\"Mon\";i:1;s:3:\"Thu\";i:2;s:3:\"Tue\";i:3;s:3:\"Wed\";}'),
(11, 'Elena', 'Greco', 'OP3882A', '33651411953', 'elena.greco@example.com', 'TA854608', 'a:5:{i:0;s:3:\"Mon\";i:1;s:3:\"Sat\";i:2;s:3:\"Sun\";i:3;s:3:\"Thu\";i:4;s:3:\"Wed\";}'),
(12, 'Giuseppe', 'Colombo', 'FG5603A', '33525977902', 'giuseppe.colombo@example.com', 'TE523277', 'a:4:{i:0;s:3:\"Fri\";i:1;s:3:\"Mon\";i:2;s:3:\"Sun\";i:3;s:3:\"Thu\";}'),
(13, 'Luigi', 'Greco', 'LM2726C', '33200823730', 'luigi.greco@example.com', 'TA955744', 'a:6:{i:0;s:3:\"Fri\";i:1;s:3:\"Sat\";i:2;s:3:\"Sun\";i:3;s:3:\"Thu\";i:4;s:3:\"Tue\";i:5;s:3:\"Wed\";}'),
(14, 'Luca', 'De Luca', 'JK636DA', '33662425367', 'luca.de.luca@example.com', 'TC371017', 'a:4:{i:0;s:3:\"Mon\";i:1;s:3:\"Sat\";i:2;s:3:\"Tue\";i:3;s:3:\"Wed\";}'),
(15, 'Giulia', 'Rossi', 'ST378E2', '33401250310', 'giulia.rossi@example.com', 'TE88281A', 'a:5:{i:0;s:3:\"Fri\";i:1;s:3:\"Sun\";i:2;s:3:\"Thu\";i:3;s:3:\"Tue\";i:4;s:3:\"Wed\";}'),
(16, 'Giovanni', 'Verdi', 'FG2394C', '33889690668', 'giovanni.verdi@example.com', 'TD7942FC', 'a:5:{i:0;s:3:\"Fri\";i:1;s:3:\"Mon\";i:2;s:3:\"Sun\";i:3;s:3:\"Thu\";i:4;s:3:\"Wed\";}'),
(17, 'Luigi', 'Bianchi', 'ST2841F', '33437189397', 'luigi.bianchi@example.com', 'TD903914', 'a:4:{i:0;s:3:\"Fri\";i:1;s:3:\"Sat\";i:2;s:3:\"Sun\";i:3;s:3:\"Wed\";}'),
(18, 'Anna', 'Greco', 'QR34103', '33771443738', 'anna.greco@example.com', 'TE883186', 'a:4:{i:0;s:3:\"Mon\";i:1;s:3:\"Sat\";i:2;s:3:\"Sun\";i:3;s:3:\"Thu\";}'),
(19, 'Sofia', 'Rossi', 'AB65895', '33301613513', 'sofia.rossi@example.com', 'TE54359F', 'a:3:{i:0;s:3:\"Fri\";i:1;s:3:\"Sun\";i:2;s:3:\"Thu\";}'),
(20, 'Giovanni', 'Conti', 'AB1119B', '33832312781', 'giovanni.conti@example.com', 'TE4083D0', 'a:4:{i:0;s:3:\"Fri\";i:1;s:3:\"Sat\";i:2;s:3:\"Thu\";i:3;s:3:\"Wed\";}'),
(21, 'Giovanni', 'Ricci', 'FG533E0', '33624205399', 'giovanni.ricci@example.com', 'TB611956', 'a:4:{i:0;s:3:\"Fri\";i:1;s:3:\"Sun\";i:2;s:3:\"Thu\";i:3;s:3:\"Wed\";}'),
(22, 'Giuseppe', 'Gialli', 'WZ235D2', '33340276973', 'giuseppe.gialli@example.com', 'TC27354F', 'a:3:{i:0;s:3:\"Mon\";i:1;s:3:\"Sat\";i:2;s:3:\"Sun\";}'),
(23, 'Giuseppe', 'Esposito', 'WZ150DA', '33571051157', 'giuseppe.esposito@example.com', 'TE89450E', 'a:5:{i:0;s:3:\"Sat\";i:1;s:3:\"Sun\";i:2;s:3:\"Thu\";i:3;s:3:\"Tue\";i:4;s:3:\"Wed\";}'),
(24, 'Paola', 'Conti', 'JK736B3', '33174485784', 'paola.conti@example.com', 'TB483286', 'a:3:{i:0;s:3:\"Fri\";i:1;s:3:\"Sat\";i:2;s:3:\"Wed\";}'),
(25, 'Alessandro', 'De Luca', 'ST105D5', '33142007839', 'alessandro.de.luca@example.com', 'TB44156B', 'a:6:{i:0;s:3:\"Fri\";i:1;s:3:\"Mon\";i:2;s:3:\"Sat\";i:3;s:3:\"Sun\";i:4;s:3:\"Thu\";i:5;s:3:\"Tue\";}'),
(26, 'Valentina', 'Bruno', 'ST6314F', '33985022022', 'valentina.bruno@example.com', 'TE8616E8', 'a:3:{i:0;s:3:\"Fri\";i:1;s:3:\"Sun\";i:2;s:3:\"Tue\";}'),
(27, 'Chiara', 'Greco', 'LM59589', '33856210880', 'chiara.greco@example.com', 'TD568623', 'a:5:{i:0;s:3:\"Fri\";i:1;s:3:\"Mon\";i:2;s:3:\"Sun\";i:3;s:3:\"Tue\";i:4;s:3:\"Wed\";}'),
(28, 'Roberto', 'Verdi', 'LM68427', '33405662463', 'roberto.verdi@example.com', 'TA84256C', 'a:6:{i:0;s:3:\"Fri\";i:1;s:3:\"Mon\";i:2;s:3:\"Sat\";i:3;s:3:\"Thu\";i:4;s:3:\"Tue\";i:5;s:3:\"Wed\";}'),
(29, 'Alessandro', 'Rossi', 'LM452FF', '33199687385', 'alessandro.rossi@example.com', 'TA1176D9', 'a:4:{i:0;s:3:\"Mon\";i:1;s:3:\"Sun\";i:2;s:3:\"Thu\";i:3;s:3:\"Tue\";}'),
(30, 'Davide', 'Russo', 'XY3376B', '33176285398', 'davide.russo@example.com', 'TB640344', 'a:6:{i:0;s:3:\"Fri\";i:1;s:3:\"Mon\";i:2;s:3:\"Sun\";i:3;s:3:\"Thu\";i:4;s:3:\"Tue\";i:5;s:3:\"Wed\";}'),
(31, 'Francesca', 'Bruno', 'UV778D3', '33332501603', 'francesca.bruno@example.com', 'TC25039E', 'a:4:{i:0;s:3:\"Fri\";i:1;s:3:\"Mon\";i:2;s:3:\"Sun\";i:3;s:3:\"Wed\";}'),
(32, 'Elena', 'Romano', 'OP358DA', '33729883882', 'elena.romano@example.com', 'TF15374E', 'a:4:{i:0;s:3:\"Sun\";i:1;s:3:\"Thu\";i:2;s:3:\"Tue\";i:3;s:3:\"Wed\";}'),
(33, 'Alessandro', 'Marino', 'FG63769', '33226204245', 'alessandro.marino@example.com', 'TC408372', 'a:3:{i:0;s:3:\"Fri\";i:1;s:3:\"Mon\";i:2;s:3:\"Wed\";}'),
(34, 'Alessandro', 'Rossi', 'WZ84988', '33342158947', 'alessandro.rossi@example.com', 'TE48776B', 'a:5:{i:0;s:3:\"Mon\";i:1;s:3:\"Sat\";i:2;s:3:\"Sun\";i:3;s:3:\"Thu\";i:4;s:3:\"Wed\";}'),
(35, 'Roberto', 'Rossi', 'QR25691', '33720703058', 'roberto.rossi@example.com', 'TA9879FF', 'a:3:{i:0;s:3:\"Sat\";i:1;s:3:\"Sun\";i:2;s:3:\"Tue\";}'),
(36, 'Elena', 'Russo', 'AB30087', '33764968943', 'elena.russo@example.com', 'TB7084E7', 'a:3:{i:0;s:3:\"Fri\";i:1;s:3:\"Sun\";i:2;s:3:\"Wed\";}'),
(37, 'Sofia', 'Verdi', 'OP4848B', '33490800034', 'sofia.verdi@example.com', 'TF1643DC', 'a:6:{i:0;s:3:\"Fri\";i:1;s:3:\"Mon\";i:2;s:3:\"Sat\";i:3;s:3:\"Sun\";i:4;s:3:\"Thu\";i:5;s:3:\"Tue\";}'),
(38, 'Elena', 'Neri', 'QR458D0', '33299372203', 'elena.neri@example.com', 'TE29822F', 'a:4:{i:0;s:3:\"Fri\";i:1;s:3:\"Sat\";i:2;s:3:\"Sun\";i:3;s:3:\"Thu\";}'),
(39, 'Anna', 'Greco', 'OP907D3', '33701898167', 'anna.greco@example.com', 'TC923765', 'a:5:{i:0;s:3:\"Fri\";i:1;s:3:\"Sun\";i:2;s:3:\"Thu\";i:3;s:3:\"Tue\";i:4;s:3:\"Wed\";}'),
(40, 'Davide', 'Lombardi', 'ST1738A', '33320108157', 'davide.lombardi@example.com', 'TB231386', 'a:5:{i:0;s:3:\"Mon\";i:1;s:3:\"Sat\";i:2;s:3:\"Sun\";i:3;s:3:\"Tue\";i:4;s:3:\"Wed\";}'),
(41, 'Simone', 'Lombardi', 'LM961AB', '33943964512', 'simone.lombardi@example.com', 'TD936312', 'a:4:{i:0;s:3:\"Fri\";i:1;s:3:\"Sun\";i:2;s:3:\"Tue\";i:3;s:3:\"Wed\";}'),
(42, 'Luca', 'Gialli', 'JK34881', '33625623254', 'luca.gialli@example.com', 'TF3007F1', 'a:5:{i:0;s:3:\"Fri\";i:1;s:3:\"Mon\";i:2;s:3:\"Thu\";i:3;s:3:\"Tue\";i:4;s:3:\"Wed\";}'),
(43, 'Davide', 'Mancini', 'AB749A1', '33720213196', 'davide.mancini@example.com', 'TE8209FD', 'a:4:{i:0;s:3:\"Fri\";i:1;s:3:\"Mon\";i:2;s:3:\"Tue\";i:3;s:3:\"Wed\";}'),
(44, 'Giovanni', 'Greco', 'QR61198', '33582002427', 'giovanni.greco@example.com', 'TF5778BF', 'a:6:{i:0;s:3:\"Fri\";i:1;s:3:\"Sat\";i:2;s:3:\"Sun\";i:3;s:3:\"Thu\";i:4;s:3:\"Tue\";i:5;s:3:\"Wed\";}'),
(45, 'Valentina', 'Greco', 'WZ36920', '33487246060', 'valentina.greco@example.com', 'TC508479', 'a:4:{i:0;s:3:\"Mon\";i:1;s:3:\"Sat\";i:2;s:3:\"Sun\";i:3;s:3:\"Thu\";}'),
(46, 'Luca', 'Esposito', 'OP35131', '33258469572', 'luca.esposito@example.com', 'TE35515A', 'a:4:{i:0;s:3:\"Fri\";i:1;s:3:\"Mon\";i:2;s:3:\"Sat\";i:3;s:3:\"Thu\";}'),
(47, 'Anna', 'Neri', 'FG93324', '33101151707', 'anna.neri@example.com', 'TC237182', 'a:3:{i:0;s:3:\"Mon\";i:1;s:3:\"Sat\";i:2;s:3:\"Tue\";}'),
(48, 'Giovanni', 'Marino', 'LM134A8', '33123832894', 'giovanni.marino@example.com', 'TC830704', 'a:5:{i:0;s:3:\"Fri\";i:1;s:3:\"Sat\";i:2;s:3:\"Thu\";i:3;s:3:\"Tue\";i:4;s:3:\"Wed\";}'),
(49, 'Giuseppe', 'Marino', 'XY39406', '33128271187', 'giuseppe.marino@example.com', 'TC1087B9', 'a:5:{i:0;s:3:\"Mon\";i:1;s:3:\"Sun\";i:2;s:3:\"Thu\";i:3;s:3:\"Tue\";i:4;s:3:\"Wed\";}'),
(50, 'Francesca', 'Marino', 'WZ93530', '33669057301', 'francesca.marino@example.com', 'TF143513', 'a:4:{i:0;s:3:\"Sat\";i:1;s:3:\"Sun\";i:2;s:3:\"Tue\";i:3;s:3:\"Wed\";}'),
(51, 'Chiara', 'Rossi', 'UV457C1', '33332415330', 'chiara.rossi@example.com', 'TB6236D9', 'a:4:{i:0;s:3:\"Fri\";i:1;s:3:\"Mon\";i:2;s:3:\"Sat\";i:3;s:3:\"Tue\";}'),
(52, 'Elena', 'Greco', 'XY72196', '33863912623', 'elena.greco@example.com', 'TA7128A5', 'a:5:{i:0;s:3:\"Mon\";i:1;s:3:\"Sat\";i:2;s:3:\"Thu\";i:3;s:3:\"Tue\";i:4;s:3:\"Wed\";}'),
(53, 'Paola', 'Ferrari', 'LM708F5', '33270008206', 'paola.ferrari@example.com', 'TD617231', 'a:3:{i:0;s:3:\"Mon\";i:1;s:3:\"Thu\";i:2;s:3:\"Wed\";}'),
(54, 'Elena', 'Conti', 'QR601E8', '33405374166', 'elena.conti@example.com', 'TD5048E7', 'a:3:{i:0;s:3:\"Fri\";i:1;s:3:\"Sat\";i:2;s:3:\"Wed\";}'),
(55, 'Giovanni', 'Giordano', 'XY788D0', '33443599535', 'giovanni.giordano@example.com', 'TB9801A1', 'a:5:{i:0;s:3:\"Fri\";i:1;s:3:\"Mon\";i:2;s:3:\"Sat\";i:3;s:3:\"Sun\";i:4;s:3:\"Thu\";}'),
(56, 'Mario', 'Giordano', 'OP6067A', '33454462171', 'mario.giordano@example.com', 'TB8199EC', 'a:3:{i:0;s:3:\"Sat\";i:1;s:3:\"Thu\";i:2;s:3:\"Wed\";}'),
(57, 'Elena', 'Colombo', 'OP22094', '33999557880', 'elena.colombo@example.com', 'TF613931', 'a:5:{i:0;s:3:\"Fri\";i:1;s:3:\"Sat\";i:2;s:3:\"Sun\";i:3;s:3:\"Thu\";i:4;s:3:\"Wed\";}'),
(58, 'Giuseppe', 'Conti', 'WZ74224', '33804767299', 'giuseppe.conti@example.com', 'TA5947AF', 'a:4:{i:0;s:3:\"Fri\";i:1;s:3:\"Sat\";i:2;s:3:\"Tue\";i:3;s:3:\"Wed\";}'),
(59, 'Paola', 'Giordano', 'ST424A3', '33634359979', 'paola.giordano@example.com', 'TA145573', 'a:3:{i:0;s:3:\"Mon\";i:1;s:3:\"Sat\";i:2;s:3:\"Thu\";}'),
(60, 'Paola', 'Lombardi', 'OP311F8', '33817460344', 'paola.lombardi@example.com', 'TE76006B', 'a:3:{i:0;s:3:\"Mon\";i:1;s:3:\"Sat\";i:2;s:3:\"Sun\";}'),
(61, 'Giuseppe', 'Giordano', 'FG352B3', '33832236076', 'giuseppe.giordano@example.com', 'TF2865DE', 'a:3:{i:0;s:3:\"Thu\";i:1;s:3:\"Tue\";i:2;s:3:\"Wed\";}'),
(62, 'Francesca', 'Verdi', 'WZ20380', '33565928627', 'francesca.verdi@example.com', 'TD522481', 'a:6:{i:0;s:3:\"Mon\";i:1;s:3:\"Sat\";i:2;s:3:\"Sun\";i:3;s:3:\"Thu\";i:4;s:3:\"Tue\";i:5;s:3:\"Wed\";}'),
(63, 'Elena', 'Colombo', 'JK7484F', '33691620003', 'elena.colombo@example.com', 'TF20724D', 'a:5:{i:0;s:3:\"Mon\";i:1;s:3:\"Sat\";i:2;s:3:\"Sun\";i:3;s:3:\"Thu\";i:4;s:3:\"Tue\";}'),
(64, 'Federica', 'Gallo', 'QR14041', '33183614761', 'federica.gallo@example.com', 'TA499464', 'a:6:{i:0;s:3:\"Fri\";i:1;s:3:\"Mon\";i:2;s:3:\"Sat\";i:3;s:3:\"Sun\";i:4;s:3:\"Tue\";i:5;s:3:\"Wed\";}'),
(65, 'Davide', 'Lombardi', 'JK303DB', '33936877715', 'davide.lombardi@example.com', 'TD5997D1', 'a:5:{i:0;s:3:\"Fri\";i:1;s:3:\"Sat\";i:2;s:3:\"Sun\";i:3;s:3:\"Thu\";i:4;s:3:\"Wed\";}'),
(66, 'Simone', 'Ricci', 'FG35819', '33423637938', 'simone.ricci@example.com', 'TF2101D0', 'a:6:{i:0;s:3:\"Fri\";i:1;s:3:\"Mon\";i:2;s:3:\"Sun\";i:3;s:3:\"Thu\";i:4;s:3:\"Tue\";i:5;s:3:\"Wed\";}'),
(67, 'Luigi', 'Esposito', 'LM552EB', '33840857655', 'luigi.esposito@example.com', 'TF4667DD', 'a:5:{i:0;s:3:\"Mon\";i:1;s:3:\"Sat\";i:2;s:3:\"Thu\";i:3;s:3:\"Tue\";i:4;s:3:\"Wed\";}'),
(68, 'Anna', 'Gialli', 'UV988C7', '33216829935', 'anna.gialli@example.com', 'TC987049', 'a:6:{i:0;s:3:\"Mon\";i:1;s:3:\"Sat\";i:2;s:3:\"Sun\";i:3;s:3:\"Thu\";i:4;s:3:\"Tue\";i:5;s:3:\"Wed\";}'),
(69, 'Giuseppe', 'Rossi', 'UV871CB', '33211540134', 'giuseppe.rossi@example.com', 'TB495121', 'a:5:{i:0;s:3:\"Fri\";i:1;s:3:\"Mon\";i:2;s:3:\"Sat\";i:3;s:3:\"Sun\";i:4;s:3:\"Wed\";}'),
(70, 'Luca', 'Gialli', 'JK49780', '33167818317', 'luca.gialli@example.com', 'TC4437A3', 'a:6:{i:0;s:3:\"Fri\";i:1;s:3:\"Sat\";i:2;s:3:\"Sun\";i:3;s:3:\"Thu\";i:4;s:3:\"Tue\";i:5;s:3:\"Wed\";}'),
(71, 'Elena', 'Gialli', 'WZ149F4', '33134961274', 'elena.gialli@example.com', 'TF164854', 'a:4:{i:0;s:3:\"Mon\";i:1;s:3:\"Sat\";i:2;s:3:\"Sun\";i:3;s:3:\"Wed\";}'),
(72, 'Andrea', 'Mancini', 'JK94128', '33996791673', 'andrea.mancini@example.com', 'TA5738EE', 'a:5:{i:0;s:3:\"Fri\";i:1;s:3:\"Mon\";i:2;s:3:\"Sun\";i:3;s:3:\"Thu\";i:4;s:3:\"Tue\";}'),
(73, 'Francesca', 'Bianchi', 'JK1419F', '33916256029', 'francesca.bianchi@example.com', 'TA4917F6', 'a:3:{i:0;s:3:\"Mon\";i:1;s:3:\"Sun\";i:2;s:3:\"Wed\";}'),
(74, 'Paola', 'Verdi', 'QR5079B', '33193464419', 'paola.verdi@example.com', 'TE5703DF', 'a:5:{i:0;s:3:\"Mon\";i:1;s:3:\"Sat\";i:2;s:3:\"Thu\";i:3;s:3:\"Tue\";i:4;s:3:\"Wed\";}'),
(75, 'Marco', 'Giordano', 'JK404E7', '33706064376', 'marco.giordano@example.com', 'TE4236F6', 'a:5:{i:0;s:3:\"Fri\";i:1;s:3:\"Mon\";i:2;s:3:\"Sun\";i:3;s:3:\"Thu\";i:4;s:3:\"Tue\";}'),
(76, 'Francesca', 'Rossi', 'FG333F5', '33265481567', 'francesca.rossi@example.com', 'TE8343D6', 'a:6:{i:0;s:3:\"Fri\";i:1;s:3:\"Mon\";i:2;s:3:\"Sat\";i:3;s:3:\"Sun\";i:4;s:3:\"Thu\";i:5;s:3:\"Wed\";}'),
(77, 'Luca', 'Ferrari', 'AB24322', '33604042969', 'luca.ferrari@example.com', 'TC59111B', 'a:3:{i:0;s:3:\"Thu\";i:1;s:3:\"Tue\";i:2;s:3:\"Wed\";}'),
(78, 'Davide', 'Conti', 'LM21090', '33757504206', 'davide.conti@example.com', 'TE688590', 'a:5:{i:0;s:3:\"Mon\";i:1;s:3:\"Sat\";i:2;s:3:\"Sun\";i:3;s:3:\"Tue\";i:4;s:3:\"Wed\";}'),
(79, 'Sofia', 'Conti', 'OP649CC', '33159682026', 'sofia.conti@example.com', 'TD436616', 'a:3:{i:0;s:3:\"Fri\";i:1;s:3:\"Sat\";i:2;s:3:\"Sun\";}'),
(80, 'Marco', 'Greco', 'UV675D7', '33316724140', 'marco.greco@example.com', 'TB6664B6', 'a:6:{i:0;s:3:\"Fri\";i:1;s:3:\"Sat\";i:2;s:3:\"Sun\";i:3;s:3:\"Thu\";i:4;s:3:\"Tue\";i:5;s:3:\"Wed\";}'),
(81, 'Elena', 'Mancini', 'XY99251', '33968740313', 'elena.mancini@example.com', 'TA150918', 'a:6:{i:0;s:3:\"Fri\";i:1;s:3:\"Mon\";i:2;s:3:\"Sat\";i:3;s:3:\"Sun\";i:4;s:3:\"Thu\";i:5;s:3:\"Wed\";}'),
(82, 'Simone', 'Greco', 'QR2995A', '33721145577', 'simone.greco@example.com', 'TA33156C', 'a:5:{i:0;s:3:\"Mon\";i:1;s:3:\"Sat\";i:2;s:3:\"Sun\";i:3;s:3:\"Tue\";i:4;s:3:\"Wed\";}'),
(83, 'Luca', 'Russo', 'AB910AB', '33919460251', 'luca.russo@example.com', 'TB499465', 'a:3:{i:0;s:3:\"Fri\";i:1;s:3:\"Mon\";i:2;s:3:\"Wed\";}'),
(84, 'Chiara', 'Marino', 'XY73679', '33221517138', 'chiara.marino@example.com', 'TD401369', 'a:5:{i:0;s:3:\"Fri\";i:1;s:3:\"Mon\";i:2;s:3:\"Sat\";i:3;s:3:\"Thu\";i:4;s:3:\"Wed\";}'),
(85, 'Francesca', 'Bruno', 'ST689E5', '33172005757', 'francesca.bruno@example.com', 'TE418871', 'a:3:{i:0;s:3:\"Fri\";i:1;s:3:\"Sun\";i:2;s:3:\"Thu\";}'),
(86, 'Giuseppe', 'Neri', 'FG2024B', '33432269476', 'giuseppe.neri@example.com', 'TC632595', 'a:5:{i:0;s:3:\"Mon\";i:1;s:3:\"Sun\";i:2;s:3:\"Thu\";i:3;s:3:\"Tue\";i:4;s:3:\"Wed\";}'),
(87, 'Andrea', 'Marino', 'XY99519', '33938849298', 'andrea.marino@example.com', 'TA1893C5', 'a:3:{i:0;s:3:\"Fri\";i:1;s:3:\"Mon\";i:2;s:3:\"Wed\";}'),
(88, 'Elena', 'Neri', 'LM5503D', '33886561205', 'elena.neri@example.com', 'TA9178C0', 'a:4:{i:0;s:3:\"Mon\";i:1;s:3:\"Sun\";i:2;s:3:\"Thu\";i:3;s:3:\"Wed\";}'),
(89, 'Mario', 'Bruno', 'QR58995', '33366511352', 'mario.bruno@example.com', 'TB24851B', 'a:4:{i:0;s:3:\"Mon\";i:1;s:3:\"Sat\";i:2;s:3:\"Sun\";i:3;s:3:\"Tue\";}'),
(90, 'Simone', 'Lombardi', 'AB32295', '33244750934', 'simone.lombardi@example.com', 'TA1735E5', 'a:4:{i:0;s:3:\"Fri\";i:1;s:3:\"Thu\";i:2;s:3:\"Tue\";i:3;s:3:\"Wed\";}'),
(91, 'Paola', 'Rossi', 'LM6883C', '33714732908', 'paola.rossi@example.com', 'TF137850', 'a:3:{i:0;s:3:\"Sun\";i:1;s:3:\"Thu\";i:2;s:3:\"Wed\";}'),
(92, 'Francesca', 'Marino', 'QR9373D', '33552773098', 'francesca.marino@example.com', 'TF306773', 'a:4:{i:0;s:3:\"Fri\";i:1;s:3:\"Mon\";i:2;s:3:\"Sat\";i:3;s:3:\"Wed\";}'),
(93, 'Mario', 'Rossi', 'LM43428', '33918437115', 'mario.rossi@example.com', 'TF177298', 'a:5:{i:0;s:3:\"Fri\";i:1;s:3:\"Mon\";i:2;s:3:\"Sun\";i:3;s:3:\"Thu\";i:4;s:3:\"Wed\";}'),
(94, 'Simone', 'Bianchi', 'XY2455C', '33690535277', 'simone.bianchi@example.com', 'TF2636E1', 'a:5:{i:0;s:3:\"Fri\";i:1;s:3:\"Sun\";i:2;s:3:\"Thu\";i:3;s:3:\"Tue\";i:4;s:3:\"Wed\";}'),
(95, 'Alessandro', 'Rossi', 'AB59521', '33746146334', 'alessandro.rossi@example.com', 'TE29268C', 'a:3:{i:0;s:3:\"Fri\";i:1;s:3:\"Sat\";i:2;s:3:\"Sun\";}'),
(96, 'Valentina', 'Neri', 'XY52359', '33212914066', 'valentina.neri@example.com', 'TC887129', 'a:6:{i:0;s:3:\"Fri\";i:1;s:3:\"Mon\";i:2;s:3:\"Sat\";i:3;s:3:\"Sun\";i:4;s:3:\"Tue\";i:5;s:3:\"Wed\";}'),
(97, 'Valentina', 'Gallo', 'QR521CE', '33805833797', 'valentina.gallo@example.com', 'TE1975A0', 'a:5:{i:0;s:3:\"Mon\";i:1;s:3:\"Sun\";i:2;s:3:\"Thu\";i:3;s:3:\"Tue\";i:4;s:3:\"Wed\";}'),
(98, 'Marco', 'Ferrari', 'JK24873', '33734823904', 'marco.ferrari@example.com', 'TF281652', 'a:6:{i:0;s:3:\"Fri\";i:1;s:3:\"Mon\";i:2;s:3:\"Sat\";i:3;s:3:\"Sun\";i:4;s:3:\"Tue\";i:5;s:3:\"Wed\";}'),
(99, 'Marco', 'Bruno', 'ST26844', '33872110615', 'marco.bruno@example.com', 'TA910810', 'a:3:{i:0;s:3:\"Fri\";i:1;s:3:\"Thu\";i:2;s:3:\"Wed\";}'),
(100, 'Luca', 'Rossi', 'UV4025C', '33874096926', 'luca.rossi@example.com', 'TC6930A3', 'a:3:{i:0;s:3:\"Sun\";i:1;s:3:\"Tue\";i:2;s:3:\"Wed\";}');

-- --------------------------------------------------------

--
-- Struttura della tabella `users`
--

CREATE TABLE `users` (
  `id` int(11) NOT NULL,
  `user` varchar(255) NOT NULL,
  `pwd` varchar(255) NOT NULL,
  `nome` varchar(255) NOT NULL,
  `cognome` varchar(255) NOT NULL,
  `email` varchar(255) NOT NULL,
  `ruolo` int(11) NOT NULL,
  `status` varchar(15) NOT NULL DEFAULT 'attivo',
  `last_login` date NOT NULL DEFAULT current_timestamp()
) ENGINE=InnoDB DEFAULT CHARSET=utf8mb4 COLLATE=utf8mb4_general_ci;

--
-- Dump dei dati per la tabella `users`
--

INSERT INTO `users` (`id`, `user`, `pwd`, `nome`, `cognome`, `email`, `ruolo`, `status`, `last_login`) VALUES
(1, 'admin', '21232f297a57a5a743894a0e4a801fc3', 'Roberto', 'Lamanna', 'lavori.rl@gmail.com', 1, 'attivo', '2024-11-11'),
(2, 'utente', '3ce98305181b1bac59d024a49b0ffd73', 'Roberto', 'Lamanna', 'lavori.rl@gmail.com', 3, 'attivo', '2024-11-30');

--
-- Indici per le tabelle scaricate
--

--
-- Indici per le tabelle `cat_merc`
--
ALTER TABLE `cat_merc`
  ADD PRIMARY KEY (`id`);

--
-- Indici per le tabelle `corrispettivi_taxi`
--
ALTER TABLE `corrispettivi_taxi`
  ADD PRIMARY KEY (`data`),
  ADD UNIQUE KEY `data` (`data`);

--
-- Indici per le tabelle `corrispettivo`
--
ALTER TABLE `corrispettivo`
  ADD PRIMARY KEY (`id`);

--
-- Indici per le tabelle `incassi_taxi`
--
ALTER TABLE `incassi_taxi`
  ADD PRIMARY KEY (`id`),
  ADD KEY `tassista_id` (`tassista_id`);

--
-- Indici per le tabelle `permessi`
--
ALTER TABLE `permessi`
  ADD PRIMARY KEY (`id`),
  ADD UNIQUE KEY `id` (`id`);

--
-- Indici per le tabelle `rules`
--
ALTER TABLE `rules`
  ADD PRIMARY KEY (`id`);

--
-- Indici per le tabelle `tags`
--
ALTER TABLE `tags`
  ADD PRIMARY KEY (`id`),
  ADD UNIQUE KEY `name` (`name`);

--
-- Indici per le tabelle `tassisti`
--
ALTER TABLE `tassisti`
  ADD PRIMARY KEY (`id`);

--
-- Indici per le tabelle `users`
--
ALTER TABLE `users`
  ADD PRIMARY KEY (`id`);

--
-- AUTO_INCREMENT per le tabelle scaricate
--

--
-- AUTO_INCREMENT per la tabella `cat_merc`
--
ALTER TABLE `cat_merc`
  MODIFY `id` int(11) NOT NULL AUTO_INCREMENT, AUTO_INCREMENT=7;

--
-- AUTO_INCREMENT per la tabella `corrispettivo`
--
ALTER TABLE `corrispettivo`
  MODIFY `id` int(11) NOT NULL AUTO_INCREMENT, AUTO_INCREMENT=66;

--
-- AUTO_INCREMENT per la tabella `incassi_taxi`
--
ALTER TABLE `incassi_taxi`
  MODIFY `id` int(11) NOT NULL AUTO_INCREMENT, AUTO_INCREMENT=3660;

--
-- AUTO_INCREMENT per la tabella `permessi`
--
ALTER TABLE `permessi`
  MODIFY `id` int(11) NOT NULL AUTO_INCREMENT, AUTO_INCREMENT=15;

--
-- AUTO_INCREMENT per la tabella `rules`
--
ALTER TABLE `rules`
  MODIFY `id` int(11) NOT NULL AUTO_INCREMENT, AUTO_INCREMENT=14;

--
-- AUTO_INCREMENT per la tabella `tags`
--
ALTER TABLE `tags`
  MODIFY `id` int(11) UNSIGNED NOT NULL AUTO_INCREMENT, AUTO_INCREMENT=4;

--
-- AUTO_INCREMENT per la tabella `tassisti`
--
ALTER TABLE `tassisti`
  MODIFY `id` int(11) NOT NULL AUTO_INCREMENT, AUTO_INCREMENT=101;

--
-- AUTO_INCREMENT per la tabella `users`
--
ALTER TABLE `users`
  MODIFY `id` int(11) NOT NULL AUTO_INCREMENT, AUTO_INCREMENT=3;

--
-- Limiti per le tabelle scaricate
--

--
-- Limiti per la tabella `incassi_taxi`
--
ALTER TABLE `incassi_taxi`
  ADD CONSTRAINT `incassi_taxi_ibfk_1` FOREIGN KEY (`tassista_id`) REFERENCES `tassisti` (`id`);
COMMIT;

/*!40101 SET CHARACTER_SET_CLIENT=@OLD_CHARACTER_SET_CLIENT */;
/*!40101 SET CHARACTER_SET_RESULTS=@OLD_CHARACTER_SET_RESULTS */;
/*!40101 SET COLLATION_CONNECTION=@OLD_COLLATION_CONNECTION */;
